anio,id_ubicacion_anual,x_utm,y_utm,n_registros,ids,tipos,calle1,calle2,anio_origen,anio_destino,distancia_siguiente_m,id_destino,x_destino,y_destino,ids_destino,tipos_destino,calle1_destino,calle2_destino,rango_distancia
2019,2019_477587_2149411,477587.1109403335,2149411.468207614,1,JFCF023,radar fijo,Eje 2 Norte Manuel González,y Eje Central Lázaro Cárdenas,2019,2020,0,2020_477587_2149411,477587.1109403335,2149411.468207614,JFCF023,radar fijo,Eje 2 Norte Manuel González,y Eje Central Lázaro Cárdenas,≤10 m
2019,2019_478706_2138811,478706.3346307974,2138811.0095976684,1,JVEF011,radar fijo,AUN /  Calle 16,y Av. San Antonio,2019,2020,0,2020_478706_2138811,478706.3346307974,2138811.0095976684,JVEF011,radar fijo,AUN /  Calle 16,y Av. San Antonio,≤10 m
2019,2019_478913_2139601,478912.8221599009,2139601.0168050798,1,JVEF012,radar fijo,AUN / Av. Río Becerra ,y 11 de Abril,2019,2020,0,2020_478913_2139601,478912.8221599009,2139601.0168050798,JVEF012,radar fijo,AUN / Av. Río Becerra ,y 11 de Abril,≤10 m
2019,2019_479599_2155022,479598.8304460184,2155022.343298866,1,RVEF014,radar fijo,Viaducto Río de la Piedad,y 1ro de Mayo,2019,2020,0,2020_479599_2155022,479598.8304460184,2155022.343298866,RVEF014,radar fijo,Viaducto Río de la Piedad,y 1ro de Mayo,≤10 m
2019,2019_479642_2140608,479642.1121701955,2140607.6775308824,1,JVEF014,radar fijo,AUN / Av. Ejército Nacional,y Miguel de Cervantes Saavedra,2019,2020,0,2020_479642_2140608,479642.1121701955,2140607.6775308824,JVEF014,radar fijo,AUN / Av. Ejército Nacional,y Miguel de Cervantes Saavedra,≤10 m
2019,2019_479655_2149316,479655.1573653959,2149316.179939744,1,RVEM010,radar móvil,Entre Lago Victoria y ,Moliere,2019,2020,368.72905595593517,2020_479287_2149337,479287.0396629301,2149337.404308697,RVEM007,radar móvil,Av. Ejercito Nacional Mexicano Y ,Anatole France Direccion Poniete,>100 m
2019,2019_479658_2149316,479657.86773849995,2149316.1768888286,1,RVEM009,radar móvil,Entre Arquimides y ,Lago Victoria,2019,2020,371.43514236686616,2020_479287_2149337,479287.0396629301,2149337.404308697,RVEM007,radar móvil,Av. Ejercito Nacional Mexicano Y ,Anatole France Direccion Poniete,>100 m
2019,2019_479708_2140605,479708.1162554607,2140605.4127016896,1,JVEF013,radar fijo,AUN / Gobernador José Ceballos,y Av. Constituyentes,2019,2020,0,2020_479708_2140605,479708.1162554607,2140605.4127016896,JVEF013,radar fijo,AUN / Gobernador José Ceballos,y Av. Constituyentes,≤10 m
2019,2019_479825_2138313,479824.50509907736,2138313.3219432957,1,,radar móvil,Entre Av. La Paz y ,Eje 10 Sur,2019,2020,680.9366531294573,2020_480032_2138962,480032.4562703695,2138961.7284793,RVEM008,radar móvil,Av. Revolución Y ,Calle Rafael Checa,>100 m
2019,2019_480074_2146539,480073.5547555747,2146538.866602322,1,RVEF001,radar fijo,Av. Chapultepec ,y Guaymas,2019,2020,0,2020_480074_2146539,480073.5547555747,2146538.866602322,RVEF001,radar fijo,Av. Chapultepec ,y Guaymas,≤10 m
2019,2019_480140_2141035,480140.17624916753,2141035.1306192167,1,JFCF028,radar fijo,Av. Marina Nacional,y Felipe Carrillo Puerto,2019,2020,0,2020_480140_2141035,480140.17624916753,2141035.1306192167,JFCF028,radar fijo,Av. Marina Nacional,y Felipe Carrillo Puerto,≤10 m
2019,2019_480522_2150855,480521.5908068836,2150854.5661406014,1,RVEF002,radar fijo,Fray Servando Teresa de Mier ,y Cucurpe,2019,2020,0,2020_480522_2150855,480521.5908068836,2150854.5661406014,RVEF002,radar fijo,Fray Servando Teresa de Mier ,y Cucurpe,≤10 m
2019,2019_480582_2145078,480581.88082817796,2145078.4742827923,1,,radar móvil,Entre Benjamin Franklin y ,Viaducto,2019,2020,903.3203261668046,2020_480661_2145978,480660.9939688194,2145978.3235605294,BFCF001 | BFCF002,radar fijo,José María Izazaga ,y José María Pino Suárez,>100 m
2019,2019_480661_2145978,480660.9939688194,2145978.3235605294,1,BFCF001,radar fijo,José María Izazaga ,y José María Pino Suárez,2019,2020,0,2020_480661_2145978,480660.9939688194,2145978.3235605294,BFCF001 | BFCF002,radar fijo,José María Izazaga ,y José María Pino Suárez,≤10 m
2019,2019_480852_2150425,480852.4829398144,2150425.3956408612,2,JFCF027 | JFCF035,radar fijo,Av. Ejército Nacional Mexicano ,y Anillo Periférico Boulevard Manuel Ávila Camacho,2019,2020,0,2020_480852_2150425,480852.4829398144,2150425.3956408612,JFCF027 | JFCF035,radar fijo,Av. Ejército Nacional Mexicano ,y Anillo Periférico Boulevard Manuel Ávila Camacho,≤10 m
2019,2019_481022_2139189,481021.8847857099,2139189.386674418,1,JFCF024,radar fijo,Eje 3 Oriente Ing. Eduardo Molina,y Eje 5 Norte San Juan de Aragón,2019,2020,0,2020_481022_2139189,481021.8847857099,2139189.386674418,JFCF024,radar fijo,Eje 3 Oriente Ing. Eduardo Molina,y Eje 5 Norte San Juan de Aragón,≤10 m
2019,2019_481081_2139219,481080.8376463651,2139218.869400922,2,BFBF008 | BFCF007,radar fijo,Insurgentes Buenavista,y Eje 1 Norte,2019,2020,0,2020_481081_2139219,481080.8376463651,2139218.869400922,BFBF008 | BFCF007 | BFCF021,radar fijo,Insurgentes Buenavista,y Eje 1 Norte,≤10 m
2019,2019_481586_2147707,481586.4658871726,2147706.6487749,1,VVEF032,radar fijo,Calz. Vallejo ,y Calle Pino Suárez,2019,2020,0,2020_481586_2147707,481586.4658871726,2147706.6487749,VVEF032,radar fijo,Calz. Vallejo ,y Calle Pino Suárez,≤10 m
2019,2019_481657_2148412,481657.30843529844,2148411.6606288855,1,JFCF018,radar fijo,Calz. Gral. Ignacio Zaragoza,y Circuito Bicentenario Boulevard Puerto Aéreo,2019,2020,0,2020_481657_2148412,481657.30843529844,2148411.6606288855,JFCF018,radar fijo,Calz. Gral. Ignacio Zaragoza,y Circuito Bicentenario Boulevard Puerto Aéreo,≤10 m
2019,2019_481740_2147456,481740.3255781062,2147456.3054555757,1,BFCF026,radar fijo,Chapultepec - Sonora ,y Lieja,2019,2020,0,2020_481740_2147456,481740.3255781062,2147456.3054555757,BFCF026,radar fijo,Chapultepec - Sonora ,y Lieja,≤10 m
2019,2019_482028_2139063,482028.04922992,2139063.2010297747,1,,radar móvil,Entre Av. Melchor Ocampo y ,Calle Cerro del Sombrero,2019,2020,72.1378123635133,2020_482100_2139072,482099.5930145589,2139072.4395822664,,radar móvil,Miguel Angel De Quevedo Y ,Calle Delta,50–100 m
2019,2019_482311_2145751,482310.91463193175,2145750.6735386592,1,RVEM004,radar móvil,Entre Av. Insurgentes y ,Circuito Bicentenario,2019,2020,802.1613544045478,2020_481509_2145758,481508.7829218684,2145757.569784808,RVEM010,radar móvil,Eje 3 Sur Av. Baja California Y,Choapan Direccion Poniente,>100 m
2019,2019_482853_2148317,482853.2358566447,2148316.7347182822,1,RVEM001,radar móvil,Entre Calle Niza y ,Glorieta de Colón,2019,2020,910.971342465143,2020_483662_2147898,483662.2313940677,2147897.9328471995,RVEF017,radar fijo,Eje 5 Av. Montevideo,y Nte. 31-A,>100 m
2019,2019_483065_2153183,483064.588648671,2153182.8054559506,1,,radar móvil,Entre Av. Ceylan y ,Mariano Escobedo,2019,2020,268.0229095965701,2020_483325_2153247,483324.71583814407,2153247.3819637955,VVEF031,radar fijo,Calz. Vallejo,y Cuauhtémoc,>100 m
2019,2019_483134_2157480,483133.6831731268,2157479.8608000493,1,RVEF023,radar fijo,Eje 2 Nte. Manuel González,y Calle General Ignacio Zaragoza,2019,2020,0,2020_483134_2157480,483133.6831731268,2157479.8608000493,RVEF023,radar fijo,Eje 2 Nte. Manuel González,y Calle General Ignacio Zaragoza,≤10 m
2019,2019_483252_2150323,483252.4215946765,2150322.9801209937,1,VVEF001,radar fijo,Av.608,y Av. 508,2019,2020,0,2020_483252_2150323,483252.4215946765,2150322.9801209937,VVEF001,radar fijo,Av.608,y Av. 508,≤10 m
2019,2019_483325_2153247,483324.71583814407,2153247.3819637955,1,VVEF031,radar fijo,Calz. Vallejo,y Cuauhtémoc,2019,2020,0,2020_483325_2153247,483324.71583814407,2153247.3819637955,VVEF031,radar fijo,Calz. Vallejo,y Cuauhtémoc,≤10 m
2019,2019_483640_2149497,483640.32228621293,2149496.6976488843,1,,radar móvil,Entre Circuito Bicentenario y,Av. Insurgentes,2019,2020,68.25148093528688,2020_483656_2149563,483656.16782172455,2149563.084271439,,radar móvil,Ribera De San Cosme Y ,Puente De Alvarado Sentido Oriente,50–100 m
2019,2019_483662_2147898,483662.2313940677,2147897.9328471995,1,RVEF017,radar fijo,Eje 5 Av. Montevideo,y Nte. 31-A,2019,2020,0,2020_483662_2147898,483662.2313940677,2147897.9328471995,RVEF017,radar fijo,Eje 5 Av. Montevideo,y Nte. 31-A,≤10 m
2019,2019_483821_2155627,483821.04178553325,2155627.4547851873,1,RVEM006,radar móvil,Entre Eje 5 Norte y,Eje 4 Norte,2019,2020,421.2435854807315,2020_484232_2155535,484231.93223760696,2155534.636712037,RVEF008,radar fijo,Eje 1 Nte. José Antonio Álzate ,y Naranjo,>100 m
2019,2019_483828_2155634,483827.95685656246,2155634.3047092753,1,,radar móvil,Entre Eje Central y ,Calle Chosica,2019,2020,416.0887142948305,2020_484232_2155535,484231.93223760696,2155534.636712037,RVEF008,radar fijo,Eje 1 Nte. José Antonio Álzate ,y Naranjo,>100 m
2019,2019_484080_2157090,484079.96506656124,2157090.1927551692,1,VVEF003,radar fijo,Anillo Periférico Canal de Garay,y Lebrija,2019,2020,0,2020_484080_2157090,484079.96506656124,2157090.1927551692,VVEF003,radar fijo,Anillo Periférico Canal de Garay,y Lebrija,≤10 m
2019,2019_484232_2155535,484231.93223760696,2155534.636712037,1,RVEF008,radar fijo,Eje 1 Nte. José Antonio Álzate ,y Naranjo,2019,2020,0,2020_484232_2155535,484231.93223760696,2155534.636712037,RVEF008,radar fijo,Eje 1 Nte. José Antonio Álzate ,y Naranjo,≤10 m
2019,2019_484311_2145854,484311.3241975992,2145853.5162685877,2,BCFC003 | BFCF017,radar fijo,Eje 3 Sur (Dr. Morones Prieto) ,y Dr. José Ma. Vértiz,2019,2020,0,2020_484311_2145854,484311.3241975992,2145853.5162685877,BCFC003 | BFCF017 | BFCF018,radar fijo,Eje 3 Sur (Dr. Morones Prieto) ,y Dr. José Ma. Vértiz,≤10 m
2019,2019_484336_2149297,484335.96790705126,2149296.5177482115,1,,radar móvil,Entre Av. Guerrero y ,Av. Insurgentes,2019,2020,730.1957732798372,2020_483656_2149563,483656.16782172455,2149563.084271439,,radar móvil,Ribera De San Cosme Y ,Puente De Alvarado Sentido Oriente,>100 m
2019,2019_484414_2151415,484414.00717493694,2151414.5111565627,1,RVEM005,radar móvil,Entre Florencio Constantino y ,Av. Insurgentes,2019,2020,233.2202581992251,2020_484638_2151351,484638.4048130572,2151350.970706135,VVEF006,radar fijo,Circuito Bicentenario Av. Río Consulado ,y Av. Congreso de la Unión,>100 m
2019,2019_484638_2151351,484638.4048130572,2151350.970706135,1,VVEF006,radar fijo,Circuito Bicentenario Av. Río Consulado ,y Av. Congreso de la Unión,2019,2020,0,2020_484638_2151351,484638.4048130572,2151350.970706135,VVEF006,radar fijo,Circuito Bicentenario Av. Río Consulado ,y Av. Congreso de la Unión,≤10 m
2019,2019_484658_2148101,484657.7959939932,2148100.6684963717,1,,radar móvil,Entre Av. Cuauhtémoc y ,Av. Dr. José María Vértiz,2019,2020,453.80102075699057,2020_485107_2148035,485106.8579642713,2148035.2566221436,JFCF022,radar fijo,Eje Central Lázaro Cárdenas,y Avenida Hidalgo,>100 m
2019,2019_484775_2145529,484775.27174926415,2145529.3128654077,1,,radar móvil,Entre Eje Central Lázaro Cárdenas y ,Av. Doctor José María Vértiz,2019,2020,354.51535068738434,2020_484814_2145882,484813.62861509604,2145881.747092912,RVEF021,radar fijo,Av. Insurgentes Nte.,y Pte. 112,>100 m
2019,2019_484776_2151318,484775.7907100563,2151318.2889615246,1,JFCF010,radar fijo,Eje 4 Pte. Av. Revolución,y Av. Barranca del Muerto,2019,2020,0,2020_484776_2151318,484775.7907100563,2151318.2889615246,JFCF010,radar fijo,Eje 4 Pte. Av. Revolución,y Av. Barranca del Muerto,≤10 m
2019,2019_484811_2152819,484810.5988130709,2152818.746455701,1,RVEF034,radar fijo,Av. Revolución,y Calle 13,2019,2020,0,2020_484811_2152819,484810.5988130709,2152818.746455701,RVEF034,radar fijo,Av. Revolución,y Calle 13,≤10 m
2019,2019_484814_2145882,484813.62861509604,2145881.747092912,1,RVEF021,radar fijo,Av. Insurgentes Nte.,y Pte. 112,2019,2020,0,2020_484814_2145882,484813.62861509604,2145881.747092912,RVEF021,radar fijo,Av. Insurgentes Nte.,y Pte. 112,≤10 m
2019,2019_484821_2140056,484820.9204257583,2140055.863373705,1,RVEF018,radar fijo,Circuito Bicentenario Instituto Técnico Industrial,y Calle Eligio Ancona,2019,2020,0,2020_484821_2140056,484820.9204257583,2140055.863373705,RVEF018,radar fijo,Circuito Bicentenario Instituto Técnico Industrial,y Calle Eligio Ancona,≤10 m
2019,2019_484877_2150049,484877.45224910794,2150048.9073517825,1,VVEF008,radar fijo,Av. Oceanía,y Pablo R. Sidar,2019,2020,0,2020_484877_2150049,484877.45224910794,2150048.9073517825,VVEF008,radar fijo,Av. Oceanía,y Pablo R. Sidar,≤10 m
2019,2019_484972_2154684,484972.4556793939,2154683.6605248,1,VVEF033,radar fijo,Calz. Ignacio Zaragoza,y Anselmo de la Portilla,2019,2020,0,2020_484972_2154684,484972.4556793939,2154683.6605248,VVEF033,radar fijo,Calz. Ignacio Zaragoza,y Anselmo de la Portilla,≤10 m
2019,2019_485107_2148035,485106.8579642713,2148035.2566221436,1,JFCF022,radar fijo,Eje Central Lázaro Cárdenas,y Avenida Hidalgo,2019,2020,0,2020_485107_2148035,485106.8579642713,2148035.2566221436,JFCF022,radar fijo,Eje Central Lázaro Cárdenas,y Avenida Hidalgo,≤10 m
2019,2019_485181_2145907,485180.8785617652,2145907.1585194245,1,VVEF005,radar fijo,Av. Ejército Nacional,y Calle Luis Vives,2019,2020,0,2020_485181_2145907,485180.8785617652,2145907.1585194245,VVEF005,radar fijo,Av. Ejército Nacional,y Calle Luis Vives,≤10 m
2019,2019_485231_2149068,485231.188506412,2149067.9707175293,1,RVEF007,radar fijo,Eje 3 Sur José Peón,y Contreras y José María Bustillos,2019,2020,0,2020_485231_2149068,485231.188506412,2149067.9707175293,RVEF007,radar fijo,Eje 3 Sur José Peón,y Contreras y José María Bustillos,≤10 m
2019,2019_485304_2149977,485304.2230727506,2149977.393897573,2,BFCF006 | BFCF016,radar fijo,Eje 1 Norte Mosqueta - Paseo de la Reforma ,y Eje Central Lázaro Cárdenas,2019,2020,0,2020_485304_2149977,485304.2230727506,2149977.393897573,BFCF005 | BFCF006 | BFCF016,radar fijo,Eje 1 Norte Mosqueta - Paseo de la Reforma ,y Eje Central Lázaro Cárdenas,≤10 m
2019,2019_485311_2137210,485311.3676919761,2137210.303271821,1,RVEF012,radar fijo,Circuito Bicentenario Av. Río Consulado,y Cantón,2019,2020,0,2020_485311_2137210,485311.3676919761,2137210.303271821,RVEF012,radar fijo,Circuito Bicentenario Av. Río Consulado,y Cantón,≤10 m
2019,2019_485338_2143174,485338.0832278885,2143173.5136616807,1,RVEM011,radar móvil,Entre Eje 5 Sur y ,Viaducto,2019,2020,176.2822284110319,2020_485367_2143347,485367.4071642836,2143347.3398127854,RVEM005,radar móvil,Calzada De Tlalpan Y,Calle Elvira Direccion Norte,>100 m
2019,2019_485386_2150045,485385.52322906203,2150045.4661522983,1,RVEM002,radar móvil,Entre Av. Paseo de la Reforma y,Circuito Bicentenario,2019,2020,94.43847163977654,2020_485399_2149952,485398.883502703,2149951.977500506,BFCF019,radar fijo,Eje 1 Poniente Guerrero,y Eje 2 Norte Manuel González,50–100 m
2019,2019_485399_2149952,485398.883502703,2149951.977500506,1,BFCF019,radar fijo,Eje 1 Poniente Guerrero,y Eje 2 Norte Manuel González,2019,2020,0,2020_485399_2149952,485398.883502703,2149951.977500506,BFCF019,radar fijo,Eje 1 Poniente Guerrero,y Eje 2 Norte Manuel González,≤10 m
2019,2019_485473_2150577,485473.0737431347,2150577.1100179497,2,JFCF007 | JFCF015,radar fijo,Eje Central Lázaro Cárdenas,y Av. Ricardo Flores Magón,2019,2020,0,2020_485473_2150577,485473.0737431347,2150577.1100179497,JFCF007 | JFCF015,radar fijo,Eje Central Lázaro Cárdenas,y Av. Ricardo Flores Magón,≤10 m
2019,2019_485488_2151148,485487.5978079811,2151148.0707825944,1,JFCF029,radar fijo,Eje Central ,y Margarita Maza de Juarez,2019,2020,0,2020_485488_2151148,485487.5978079811,2151148.0707825944,JFCF029,radar fijo,Eje Central ,y Margarita Maza de Juarez,≤10 m
2019,2019_485570_2138562,485569.51990425173,2138561.7899608333,1,JFCF013,radar fijo,Jose Maria Izazaga,y Eje Central Lázaro Cárdenas,2019,2020,0,2020_485570_2138562,485569.51990425173,2138561.7899608333,JFCF013,radar fijo,Jose Maria Izazaga,y Eje Central Lázaro Cárdenas,≤10 m
2019,2019_485571_2138579,485571.42404542194,2138578.8288904596,1,JFCF012,radar fijo,Eje 1 Ote. Andrés Molina Enríquez,y Eje 5 Sur Playa Villa del Mar,2019,2020,0,2020_485571_2138579,485571.42404542194,2138578.8288904596,JFCF012,radar fijo,Eje 1 Ote. Andrés Molina Enríquez,y Eje 5 Sur Playa Villa del Mar,≤10 m
2019,2019_485616_2150175,485616.13453553186,2150174.6593402987,1,RVEF016,radar fijo,Eje 5 Av. Montevideo,y Pulacayo,2019,2020,0,2020_485616_2150175,485616.13453553186,2150174.6593402987,RVEF016,radar fijo,Eje 5 Av. Montevideo,y Pulacayo,≤10 m
2019,2019_485648_2145405,485647.84899608017,2145405.1646117377,1,,radar móvil,Entre Viaducto y,Eje 5 Sur,2019,2020,685.6086856793545,2020_485181_2145907,485180.8785617652,2145907.1585194245,VVEF005,radar fijo,Av. Ejército Nacional,y Calle Luis Vives,>100 m
2019,2019_485666_2145496,485666.35475805635,2145496.003788245,1,RVEM012,radar móvil,Entre Calle Fernando Ramírez y ,Viaducto,2019,2020,636.1881405187382,2020_485181_2145907,485180.8785617652,2145907.1585194245,VVEF005,radar fijo,Av. Ejército Nacional,y Calle Luis Vives,>100 m
2019,2019_485940_2154187,485939.93392621673,2154186.928864645,1,VVEF007,radar fijo,Av. Paseo de la Reforma ,e Ignacio Allende,2019,2020,0,2020_485940_2154187,485939.93392621673,2154186.928864645,VVEF007,radar fijo,Av. Paseo de la Reforma ,e Ignacio Allende,≤10 m
2019,2019_485940_2154861,485940.14490418363,2154861.032610049,1,RVEF030,radar fijo,Av. Paseo de la Reforma ,y Estela de Luz,2019,2020,0,2020_485940_2154861,485940.14490418363,2154861.032610049,RVEF030,radar fijo,Av. Paseo de la Reforma ,y Estela de Luz,≤10 m
2019,2019_485983_2155183,485983.1058379334,2155183.2236255654,2,BFCF010 | BFCF011,radar fijo,Av. Instituto Politécnico Nacional ,y Eje 5 Nte Montevideo,2019,2020,0,2020_485983_2155183,485983.1058379334,2155183.2236255654,BFCF010 | BFCF011,radar fijo,Av. Instituto Politécnico Nacional ,y Eje 5 Nte Montevideo,≤10 m
2019,2019_486046_2147961,486046.46831689065,2147960.8121739198,1,BFCF030,radar fijo,Eje 9 Sur Miguel Ángel de Quevedo,y Av. Universidad,2019,2020,0,2020_486046_2147961,486046.46831689065,2147960.8121739198,BFCF030 | BFCF031,radar fijo,Eje 9 Sur Miguel Ángel de Quevedo,y Av. Universidad,≤10 m
2019,2019_486112_2148522,486111.98636422044,2148521.663106274,1,JFCF021,radar fijo,Av. Cuitláhuac ,y Av. Jardín,2019,2020,0,2020_486112_2148522,486111.98636422044,2148521.663106274,JFCF021,radar fijo,Av. Cuitláhuac ,y Av. Jardín,≤10 m
2019,2019_486230_2147701,486230.08932339784,2147700.636394946,1,BFCF004,radar fijo,Circuito Bicentenario Maestro José Vasconcelos,y Av. Benjamín Franklin,2019,2020,0,2020_486230_2147701,486230.08932339784,2147700.636394946,BFCF004 | BFCF035,radar fijo,Circuito Bicentenario Maestro José Vasconcelos,y Av. Benjamín Franklin,≤10 m
2019,2019_486356_2142560,486355.65886277374,2142560.381817535,2,JFCF006 | JFCF014,radar fijo,Eje 6 Sur Playa Pie de la Cuesta,y Eje 1 Ote. Andrés Molina Enríquez,2019,2020,0,2020_486356_2142560,486355.65886277374,2142560.381817535,JFCF006 | JFCF014,radar fijo,Eje 6 Sur Playa Pie de la Cuesta,y Eje 1 Ote. Andrés Molina Enríquez,≤10 m
2019,2019_486402_2143035,486402.21949799213,2143034.936048268,1,JFCF026,radar fijo,Av. Aquiles Serdán ,y Av. Tezozomoc,2019,2020,0,2020_486402_2143035,486402.21949799213,2143034.936048268,JFCF026,radar fijo,Av. Aquiles Serdán ,y Av. Tezozomoc,≤10 m
2019,2019_486607_2146093,486607.0712069568,2146092.685659949,1,RVEM003,radar móvil,Entre Eje 2 Oriente y ,Eje 1 Oriente,2019,2020,906.8631895874385,2020_487430_2145712,487430.19436023873,2145712.068898416,VVEF004,radar fijo,Eje 8 Sur Ermita Iztapalapa,y Rocío,>100 m
2019,2019_486636_2150915,486635.53079561517,2150915.3986570807,1,RVEF019,radar fijo,Av. Constituyentes ,y Camino de los Toros,2019,2020,0,2020_486636_2150915,486635.53079561517,2150915.3986570807,RVEF019,radar fijo,Av. Constituyentes ,y Camino de los Toros,≤10 m
2019,2019_486887_2152669,486887.2027161789,2152668.819478079,3,BFCF029 | BFCF033 | BFCF034,radar fijo,Calzada de Misterios,y Eje 3 Norte Av. Alfredo Robles Domínguez,2019,2020,0,2020_486887_2152669,486887.2027161789,2152668.819478079,BFCF014 | BFCF029 | BFCF033 | BFCF034,radar fijo,Calzada de Misterios,y Eje 3 Norte Av. Alfredo Robles Domínguez,≤10 m
2019,2019_486906_2150856,486905.7239654484,2150856.4105014415,4,BFCF022 | BFCF023 | BFCF024 | BFCF025,radar fijo,"Eje 1 Oriente Av. del Trabajo, Eje 2 Norte Canal del Norte",y Av. Circunvalación,2019,2020,0,2020_486906_2150856,486905.7239654484,2150856.4105014415,BFCF022 | BFCF023 | BFCF024 | BFCF025,radar fijo,"Eje 1 Oriente Av. del Trabajo, Eje 2 Norte Canal del Norte",y Av. Circunvalación,≤10 m
2019,2019_487004_2152610,487004.1482423587,2152609.8438548017,1,,radar móvil,Entre Calz. de los Misterios y ,Vallejo,2019,2020,130.97473128217354,2020_486887_2152669,486887.2027161789,2152668.819478079,BFCF014 | BFCF029 | BFCF033 | BFCF034,radar fijo,Calzada de Misterios,y Eje 3 Norte Av. Alfredo Robles Domínguez,>100 m
2019,2019_487080_2149814,487080.0893753446,2149813.5941462293,1,,radar móvil,Entre Av. del Trabajo y,Congreso de la Unión,2019,2020,1057.2933589435752,2020_486906_2150856,486905.7239654484,2150856.4105014415,BFCF022 | BFCF023 | BFCF024 | BFCF025,radar fijo,"Eje 1 Oriente Av. del Trabajo, Eje 2 Norte Canal del Norte",y Av. Circunvalación,>100 m
2019,2019_487360_2154000,487359.8974110979,2153999.9999422217,1,,radar móvil,Entre Calle Hernández y ,Eje 2 Norte,2019,2020,1412.6151998046428,2020_486887_2152669,486887.2027161789,2152668.819478079,BFCF014 | BFCF029 | BFCF033 | BFCF034,radar fijo,Calzada de Misterios,y Eje 3 Norte Av. Alfredo Robles Domínguez,>100 m
2019,2019_487430_2145712,487430.19436023873,2145712.068898416,1,VVEF004,radar fijo,Eje 8 Sur Ermita Iztapalapa,y Rocío,2019,2020,0,2020_487430_2145712,487430.19436023873,2145712.068898416,VVEF004,radar fijo,Eje 8 Sur Ermita Iztapalapa,y Rocío,≤10 m
2019,2019_487561_2147473,487560.850131518,2147473.176356762,1,RVEF003,radar fijo,Av. Calzada Ignacio Zaragoza,y Azcárraga Vidaurreta,2019,2020,0,2020_487561_2147473,487560.850131518,2147473.176356762,RVEF003,radar fijo,Av. Calzada Ignacio Zaragoza,y Azcárraga Vidaurreta,≤10 m
2019,2019_487616_2152381,487615.8714639883,2152381.421695004,1,,radar móvil,Entre Gran Canal y ,Eje 1 Oriente,2019,2020,783.2979188984073,2020_486887_2152669,486887.2027161789,2152668.819478079,BFCF014 | BFCF029 | BFCF033 | BFCF034,radar fijo,Calzada de Misterios,y Eje 3 Norte Av. Alfredo Robles Domínguez,>100 m
2019,2019_487941_2130256,487940.93806018686,2130256.2070857864,2,JFCF008 | JFCF025,radar fijo,Av. Guadalupe I. Ramírez,y Prol. División del Norte,2019,2020,0,2020_487941_2130256,487940.93806018686,2130256.2070857864,JFCF008 | JFCF025,radar fijo,Av. Guadalupe I. Ramírez,y Prol. División del Norte,≤10 m
2019,2019_489302_2147606,489301.9856727786,2147606.384614436,1,RVEF040,radar fijo,Eje Central Lázaro Cárdenas,y Toribio Medina,2019,2020,0,2020_489302_2147606,489301.9856727786,2147606.384614436,RVEF040,radar fijo,Eje Central Lázaro Cárdenas,y Toribio Medina,≤10 m
2019,2019_489734_2153791,489734.3507137402,2153790.8842317862,1,JFCF020,radar fijo,Calz Gral. Ignacio Zaragoza,y Circuito Bicentenario Boulevard Puerto Aéreo,2019,2020,0,2020_489734_2153791,489734.3507137402,2153790.8842317862,JFCF020,radar fijo,Calz Gral. Ignacio Zaragoza,y Circuito Bicentenario Boulevard Puerto Aéreo,≤10 m
2019,2019_489735_2146499,489735.07854980463,2146498.726246669,1,,radar móvil,Entre Calle 9 y,Av. 12,2019,2020,801.9601567578819,2020_489838_2147294,489838.16025441815,2147294.033894816,VVEF002,radar fijo,Anillo Periférico,y Embarcadero del Parque Ecológico de Xochimilco,>100 m
2019,2019_489838_2147294,489838.16025441815,2147294.033894816,1,VVEF002,radar fijo,Anillo Periférico,y Embarcadero del Parque Ecológico de Xochimilco,2019,2020,0,2020_489838_2147294,489838.16025441815,2147294.033894816,VVEF002,radar fijo,Anillo Periférico,y Embarcadero del Parque Ecológico de Xochimilco,≤10 m
2019,2019_489936_2147296,489935.5857564855,2147295.9711870383,1,RVEF011,radar fijo,Eje Central Lázaro Cárdenas ,y Fortuna,2019,2020,0,2020_489936_2147296,489935.5857564855,2147295.9711870383,RVEF011,radar fijo,Eje Central Lázaro Cárdenas ,y Fortuna,≤10 m
2019,2019_489953_2142872,489952.5537835009,2142872.17467813,1,JFCF011,radar fijo,Eje 3 Pte. Thiers,y Darwin,2019,2020,0,2020_489953_2142872,489952.5537835009,2142872.17467813,JFCF011,radar fijo,Eje 3 Pte. Thiers,y Darwin,≤10 m
2019,2019_489954_2142799,489954.0882078002,2142798.700552957,1,JVEF010,radar fijo,AUN /   Fernando Alencastre,y Av. de los Constituyentes,2019,2020,0,2020_489954_2142799,489954.0882078002,2142798.700552957,JVEF010,radar fijo,AUN /   Fernando Alencastre,y Av. de los Constituyentes,≤10 m
2019,2019_490958_2149247,490957.7433004438,2149246.787605837,1,JVEF008,radar fijo,AUN / Deportivo Israelita /Ing. Zapadores,y Av. del Conscripto,2019,2020,0,2020_490958_2149247,490957.7433004438,2149246.787605837,JVEF008,radar fijo,AUN / Deportivo Israelita /Ing. Zapadores,y Av. del Conscripto,≤10 m
2019,2019_491866_2146060,491865.6707786153,2146060.003478987,1,BFCF009,radar fijo,Calz Gral. Ignacio Zaragoza,y Viaducto,2019,2020,0,2020_491866_2146060,491865.6707786153,2146060.003478987,BFCF009,radar fijo,Calz Gral. Ignacio Zaragoza,y Viaducto,≤10 m
2019,2019_492061_2136096,492060.79437148,2136095.569138875,1,JFCF001,radar fijo,Eje 4 Ote. Canal Rio Churubusco,y Canal de Apatlaco,2019,2020,0,2020_492061_2136096,492060.79437148,2136095.569138875,JFCF001,radar fijo,Eje 4 Ote. Canal Rio Churubusco,y Canal de Apatlaco,≤10 m
2019,2019_493791_2142490,493790.9143492955,2142489.920309619,1,JFCF002,radar fijo,Eje 9 Sur Taxqueña,y Eje 1 Oriente Canal de Miramontes,2019,2020,0,2020_493791_2142490,493790.9143492955,2142489.920309619,JFCF002,radar fijo,Eje 9 Sur Taxqueña,y Eje 1 Oriente Canal de Miramontes,≤10 m
2019,2019_494069_2138759,494069.3082239816,2138759.1778475577,1,RVEF013,radar fijo,Circuito Bicentenario Calz. Melchor Ocampo,y Nezahualpilli,2019,2020,0,2020_494069_2138759,494069.3082239816,2138759.1778475577,RVEF013,radar fijo,Circuito Bicentenario Calz. Melchor Ocampo,y Nezahualpilli,≤10 m
2019,2019_494216_2144648,494216.08878485207,2144647.791159215,1,JVEF009,radar fijo,AUN /Gral. Juan Cabral,y Batalla de Celaya,2019,2020,0,2020_494216_2144648,494216.08878485207,2144647.791159215,JVEF009,radar fijo,AUN /Gral. Juan Cabral,y Batalla de Celaya,≤10 m
2019,2019_494838_2140914,494837.63520902366,2140914.235566915,2,JFCF009 | JFCF016,radar fijo,Eje 6 Sur Av. Luis Méndez,y Carlos L Gracidas,2019,2020,0,2020_494838_2140914,494837.63520902366,2140914.235566915,JFCF009 | JFCF016,radar fijo,Eje 6 Sur Av. Luis Méndez,y Carlos L Gracidas,≤10 m
2019,2019_495549_2143864,495548.6729013247,2143863.883962151,1,VVEF035,radar fijo,Eje 1 Nte. Mosqueta,y Soto,2019,2020,0,2020_495549_2143864,495548.6729013247,2143863.883962151,VVEF035,radar fijo,Eje 1 Nte. Mosqueta,y Soto,≤10 m
2019,2019_495729_2138814,495728.84245129337,2138814.311220906,1,RVEM007,radar móvil,Entre Calle 39 y,Calle 17,2019,2020,1660.4498006492433,2020_494069_2138759,494069.3082239816,2138759.1778475577,RVEF013,radar fijo,Circuito Bicentenario Calz. Melchor Ocampo,y Nezahualpilli,>100 m
2019,2019_497799_2139044,497799.39803833695,2139043.930304309,1,RVEM008,radar móvil,Entre Av. de las Palmas y,Eje 6 Sur,2019,2020,951.3868778029436,2020_498388_2139792,498387.6329406231,2139791.6713630906,JFCF003,radar fijo,Eje 1 Oriente Canal de Miramontes,y Eje 9 Sur Taxqueña y Cerro de Teponaxtle,>100 m
2019,2019_498388_2139792,498387.6329406231,2139791.6713630906,1,JFCF003,radar fijo,Eje 1 Oriente Canal de Miramontes,y Eje 9 Sur Taxqueña y Cerro de Teponaxtle,2019,2020,0,2020_498388_2139792,498387.6329406231,2139791.6713630906,JFCF003,radar fijo,Eje 1 Oriente Canal de Miramontes,y Eje 9 Sur Taxqueña y Cerro de Teponaxtle,≤10 m
2020,2020_477587_2149411,477587.1109403335,2149411.468207614,1,JFCF023,radar fijo,Eje 2 Norte Manuel González,y Eje Central Lázaro Cárdenas,2020,2021,0,2021_477587_2149411,477587.1109403335,2149411.468207614,JFCF023,radar fijo,Eje 2 Norte Manuel González,y Eje Central Lázaro Cárdenas,≤10 m
2020,2020_478706_2138811,478706.3346307974,2138811.0095976684,1,JVEF011,radar fijo,AUN /  Calle 16,y Av. San Antonio,2020,2021,0,2021_478706_2138811,478706.3346307974,2138811.0095976684,JVEF011,radar fijo,AUN /  Calle 16,y Av. San Antonio,≤10 m
2020,2020_478913_2139601,478912.8221599009,2139601.0168050798,1,JVEF012,radar fijo,AUN / Av. Río Becerra ,y 11 de Abril,2020,2021,0,2021_478913_2139601,478912.8221599009,2139601.0168050798,JVEF012,radar fijo,AUN / Av. Río Becerra ,y 11 de Abril,≤10 m
2020,2020_479280_2149332,479279.6852975932,2149331.880051976,1,,radar móvil,Av. Ejercito Nacional Mexicano Y ,Anatole France Direccion Poniente,2020,2021,0,2021_479280_2149332,479279.6852975932,2149331.880051976,,radar móvil,Av. Ejercito Nacional Mexicano Y ,Anatole France Direccion Poniente,≤10 m
2020,2020_479287_2149337,479287.0396629301,2149337.404308697,1,RVEM007,radar móvil,Av. Ejercito Nacional Mexicano Y ,Anatole France Direccion Poniete,2020,2021,0,2021_479287_2149337,479287.0396629301,2149337.404308697,RVEM010,radar móvil,Av. Ejercito Nacional Mexicano Y ,Anatole France Direccion Poniete,≤10 m
2020,2020_479599_2155022,479598.8304460184,2155022.343298866,1,RVEF014,radar fijo,Viaducto Río de la Piedad,y 1ro de Mayo,2020,2021,0,2021_479599_2155022,479598.8304460184,2155022.343298866,RVEF014,radar fijo,Viaducto Río de la Piedad,y 1ro de Mayo,≤10 m
2020,2020_479642_2140608,479642.1121701955,2140607.6775308824,1,JVEF014,radar fijo,AUN / Av. Ejército Nacional,y Miguel de Cervantes Saavedra,2020,2021,0,2021_479642_2140608,479642.1121701955,2140607.6775308824,JVEF014,radar fijo,AUN / Av. Ejército Nacional,y Miguel de Cervantes Saavedra,≤10 m
2020,2020_479708_2140605,479708.1162554607,2140605.4127016896,1,JVEF013,radar fijo,AUN / Gobernador José Ceballos,y Av. Constituyentes,2020,2021,0,2021_479708_2140605,479708.1162554607,2140605.4127016896,JVEF013,radar fijo,AUN / Gobernador José Ceballos,y Av. Constituyentes,≤10 m
2020,2020_480032_2138962,480032.4562703695,2138961.7284793,1,RVEM008,radar móvil,Av. Revolución Y ,Calle Rafael Checa,2020,2021,0,2021_480032_2138962,480032.4562703695,2138961.7284793,RVEM011,radar móvil,Av. Revolución Y ,Calle Rafael Checa,≤10 m
2020,2020_480074_2146539,480073.5547555747,2146538.866602322,1,RVEF001,radar fijo,Av. Chapultepec ,y Guaymas,2020,2021,0,2021_480074_2146539,480073.5547555747,2146538.866602322,RVEF001,radar fijo,Av. Chapultepec ,y Guaymas,≤10 m
2020,2020_480140_2141035,480140.17624916753,2141035.1306192167,1,JFCF028,radar fijo,Av. Marina Nacional,y Felipe Carrillo Puerto,2020,2021,0,2021_480140_2141035,480140.17624916753,2141035.1306192167,JFCF028,radar fijo,Av. Marina Nacional,y Felipe Carrillo Puerto,≤10 m
2020,2020_480522_2150855,480521.5908068836,2150854.5661406014,1,RVEF002,radar fijo,Fray Servando Teresa de Mier ,y Cucurpe,2020,2021,0,2021_480522_2150855,480521.5908068836,2150854.5661406014,RVEF002,radar fijo,Fray Servando Teresa de Mier ,y Cucurpe,≤10 m
2020,2020_480661_2145978,480660.9939688194,2145978.3235605294,2,BFCF001 | BFCF002,radar fijo,José María Izazaga ,y José María Pino Suárez,2020,2021,0,2021_480661_2145978,480660.9939688194,2145978.3235605294,BFCF001 | BFCF002,radar fijo,José María Izazaga ,y José María Pino Suárez,≤10 m
2020,2020_480852_2150425,480852.4829398144,2150425.3956408612,2,JFCF027 | JFCF035,radar fijo,Av. Ejército Nacional Mexicano ,y Anillo Periférico Boulevard Manuel Ávila Camacho,2020,2021,0,2021_480852_2150425,480852.4829398144,2150425.3956408612,JFCF027 | JFCF035,radar fijo,Av. Ejército Nacional Mexicano ,y Anillo Periférico Boulevard Manuel Ávila Camacho,≤10 m
2020,2020_481022_2139189,481021.8847857099,2139189.386674418,1,JFCF024,radar fijo,Eje 3 Oriente Ing. Eduardo Molina,y Eje 5 Norte San Juan de Aragón,2020,2021,0,2021_481022_2139189,481021.8847857099,2139189.386674418,JFCF024,radar fijo,Eje 3 Oriente Ing. Eduardo Molina,y Eje 5 Norte San Juan de Aragón,≤10 m
2020,2020_481081_2139219,481080.8376463651,2139218.869400922,3,BFBF008 | BFCF007 | BFCF021,radar fijo,Insurgentes Buenavista,y Eje 1 Norte,2020,2021,0,2021_481081_2139219,481080.8376463651,2139218.869400922,BFBF008 | BFCF007 | BFCF021,radar fijo,Insurgentes Buenavista,y Eje 1 Norte,≤10 m
2020,2020_481509_2145758,481508.7829218684,2145757.569784808,1,RVEM010,radar móvil,Eje 3 Sur Av. Baja California Y,Choapan Direccion Poniente,2020,2021,0,2021_481509_2145758,481508.7829218684,2145757.569784808,,radar móvil,Eje 3 Sur Av. Baja California Y,Choapan Direccion Poniente,≤10 m
2020,2020_481586_2147707,481586.4658871726,2147706.6487749,1,VVEF032,radar fijo,Calz. Vallejo ,y Calle Pino Suárez,2020,2021,0,2021_481586_2147707,481586.4658871726,2147706.6487749,VVEF032,radar fijo,Calz. Vallejo ,y Calle Pino Suárez,≤10 m
2020,2020_481657_2148412,481657.30843529844,2148411.6606288855,1,JFCF018,radar fijo,Calz. Gral. Ignacio Zaragoza,y Circuito Bicentenario Boulevard Puerto Aéreo,2020,2021,0,2021_481657_2148412,481657.30843529844,2148411.6606288855,JFCF018,radar fijo,Calz. Gral. Ignacio Zaragoza,y Circuito Bicentenario Boulevard Puerto Aéreo,≤10 m
2020,2020_481740_2147456,481740.3255781062,2147456.3054555757,1,BFCF026,radar fijo,Chapultepec - Sonora ,y Lieja,2020,2021,0,2021_481740_2147456,481740.3255781062,2147456.3054555757,BFCF026,radar fijo,Chapultepec - Sonora ,y Lieja,≤10 m
2020,2020_482100_2139072,482099.5930145589,2139072.4395822664,1,,radar móvil,Miguel Angel De Quevedo Y ,Calle Delta,2020,2021,0,2021_482100_2139072,482099.5930145589,2139072.4395822664,,radar móvil,Miguel Angel De Quevedo Y ,Calle Delta,≤10 m
2020,2020_482101_2139070,482100.64114490343,2139070.2255005813,1,RVEM012,radar móvil,Alfredo Robles Dominguez Sentido Poniente ,-,2020,2021,0,2021_482101_2139070,482100.64114490343,2139070.2255005813,,radar móvil,Alfredo Robles Dominguez Sentido Poniente ,-,≤10 m
2020,2020_482101_2139071,482100.6422351752,2139071.3320239643,1,RVEM011,radar móvil,Miguel Ángel De Quevedo Y ,Calle Delta Dirección Oriente,2020,2021,0,2021_482101_2139071,482100.6422351752,2139071.3320239643,,radar móvil,Miguel Ángel De Quevedo Y ,Calle Delta Dirección Oriente,≤10 m
2020,2020_482120_2152878,482119.53538082755,2152877.513607224,1,RVEM004,radar móvil,Eje 3 Norte Av. Cuitlahuac Y  ,Calle Piñon Sentido Poniente,2020,2021,0,2021_482120_2152878,482119.53538082755,2152877.513607224,RVEM005,radar móvil,Eje 3 Norte Av. Cuitlahuac Y  ,Calle Piñon Sentido Poniente,≤10 m
2020,2020_482638_2149909,482638.28820150794,2149909.2727574455,1,RVEM003,radar móvil,Ribera De San Cosme Y,Virginia Fabregas Direccion Oriente,2020,2021,0,2021_482638_2149909,482638.28820150794,2149909.2727574455,RVEM004,radar móvil,Ribera De San Cosme Y,Virginia Fabregas Direccion Oriente,≤10 m
2020,2020_483134_2157480,483133.6831731268,2157479.8608000493,1,RVEF023,radar fijo,Eje 2 Nte. Manuel González,y Calle General Ignacio Zaragoza,2020,2021,0,2021_483134_2157480,483133.6831731268,2157479.8608000493,RVEF023,radar fijo,Eje 2 Nte. Manuel González,y Calle General Ignacio Zaragoza,≤10 m
2020,2020_483154_2149748,483153.53269181866,2149748.3373035477,1,,radar móvil,Av. Ribera De San Cosme Sentido Poniente  ,-,2020,2021,0,2021_483154_2149748,483153.53269181866,2149748.3373035477,,radar móvil,Av. Ribera De San Cosme Sentido Poniente  ,-,≤10 m
2020,2020_483252_2149723,483252.1801188704,2149722.7952807476,1,RVEM006,radar móvil,Ribera De San Cosme Y ,Jaime Torres Bodet Sentido Poniente,2020,2021,0,2021_483252_2149723,483252.1801188704,2149722.7952807476,RVEM008,radar móvil,Ribera De San Cosme Y ,Jaime Torres Bodet Sentido Poniente,≤10 m
2020,2020_483252_2150323,483252.4215946765,2150322.9801209937,1,VVEF001,radar fijo,Av.608,y Av. 508,2020,2021,0,2021_483252_2150323,483252.4215946765,2150322.9801209937,VVEF001,radar fijo,Av.608,y Av. 508,≤10 m
2020,2020_483325_2153247,483324.71583814407,2153247.3819637955,1,VVEF031,radar fijo,Calz. Vallejo,y Cuauhtémoc,2020,2021,0,2021_483325_2153247,483324.71583814407,2153247.3819637955,VVEF031,radar fijo,Calz. Vallejo,y Cuauhtémoc,≤10 m
2020,2020_483655_2149947,483655.46545055846,2149947.0526854345,1,,radar móvil,Av. Revolucion  Sentido Norte ,-,2020,2021,0,2021_483655_2149947,483655.46545055846,2149947.0526854345,,radar móvil,Av. Revolucion  Sentido Norte ,-,≤10 m
2020,2020_483656_2149563,483656.16782172455,2149563.084271439,1,,radar móvil,Ribera De San Cosme Y ,Puente De Alvarado Sentido Oriente,2020,2021,0,2021_483656_2149563,483656.16782172455,2149563.084271439,,radar móvil,Ribera De San Cosme Y ,Puente De Alvarado Sentido Oriente,≤10 m
2020,2020_483662_2147898,483662.2313940677,2147897.9328471995,1,RVEF017,radar fijo,Eje 5 Av. Montevideo,y Nte. 31-A,2020,2021,0,2021_483662_2147898,483662.2313940677,2147897.9328471995,RVEF017,radar fijo,Eje 5 Av. Montevideo,y Nte. 31-A,≤10 m
2020,2020_483990_2138835,483989.94424220757,2138834.9857656844,1,RVEM009,radar móvil,Miguel Angel De Quevedo Y,Calle Inglaterra Direccion Oriente,2020,2021,0,2021_483990_2138835,483989.94424220757,2138834.9857656844,RVEM012,radar móvil,Miguel Angel De Quevedo Y,Calle Inglaterra Direccion Oriente,≤10 m
2020,2020_484080_2157090,484079.96506656124,2157090.1927551692,1,VVEF003,radar fijo,Anillo Periférico Canal de Garay,y Lebrija,2020,2021,0,2021_484080_2157090,484079.96506656124,2157090.1927551692,VVEF003,radar fijo,Anillo Periférico Canal de Garay,y Lebrija,≤10 m
2020,2020_484232_2155535,484231.93223760696,2155534.636712037,1,RVEF008,radar fijo,Eje 1 Nte. José Antonio Álzate ,y Naranjo,2020,2021,0,2021_484232_2155535,484231.93223760696,2155534.636712037,RVEF008,radar fijo,Eje 1 Nte. José Antonio Álzate ,y Naranjo,≤10 m
2020,2020_484311_2145854,484311.3241975992,2145853.5162685877,3,BCFC003 | BFCF017 | BFCF018,radar fijo,Eje 3 Sur (Dr. Morones Prieto) ,y Dr. José Ma. Vértiz,2020,2021,0,2021_484311_2145854,484311.3241975992,2145853.5162685877,BCFC003 | BFCF017 | BFCF018,radar fijo,Eje 3 Sur (Dr. Morones Prieto) ,y Dr. José Ma. Vértiz,≤10 m
2020,2020_484638_2151351,484638.4048130572,2151350.970706135,1,VVEF006,radar fijo,Circuito Bicentenario Av. Río Consulado ,y Av. Congreso de la Unión,2020,2021,0,2021_484638_2151351,484638.4048130572,2151350.970706135,VVEF006,radar fijo,Circuito Bicentenario Av. Río Consulado ,y Av. Congreso de la Unión,≤10 m
2020,2020_484776_2151318,484775.7907100563,2151318.2889615246,1,JFCF010,radar fijo,Eje 4 Pte. Av. Revolución,y Av. Barranca del Muerto,2020,2021,0,2021_484776_2151318,484775.7907100563,2151318.2889615246,JFCF010,radar fijo,Eje 4 Pte. Av. Revolución,y Av. Barranca del Muerto,≤10 m
2020,2020_484811_2152819,484810.5988130709,2152818.746455701,1,RVEF034,radar fijo,Av. Revolución,y Calle 13,2020,2021,0,2021_484811_2152819,484810.5988130709,2152818.746455701,RVEF034,radar fijo,Av. Revolución,y Calle 13,≤10 m
2020,2020_484814_2145882,484813.62861509604,2145881.747092912,1,RVEF021,radar fijo,Av. Insurgentes Nte.,y Pte. 112,2020,2021,0,2021_484814_2145882,484813.62861509604,2145881.747092912,RVEF021,radar fijo,Av. Insurgentes Nte.,y Pte. 112,≤10 m
2020,2020_484821_2140056,484820.9204257583,2140055.863373705,1,RVEF018,radar fijo,Circuito Bicentenario Instituto Técnico Industrial,y Calle Eligio Ancona,2020,2021,0,2021_484821_2140056,484820.9204257583,2140055.863373705,RVEF018,radar fijo,Circuito Bicentenario Instituto Técnico Industrial,y Calle Eligio Ancona,≤10 m
2020,2020_484877_2150049,484877.45224910794,2150048.9073517825,1,VVEF008,radar fijo,Av. Oceanía,y Pablo R. Sidar,2020,2021,0,2021_484877_2150049,484877.45224910794,2150048.9073517825,VVEF008,radar fijo,Av. Oceanía,y Pablo R. Sidar,≤10 m
2020,2020_484972_2154684,484972.4556793939,2154683.6605248,1,VVEF033,radar fijo,Calz. Ignacio Zaragoza,y Anselmo de la Portilla,2020,2021,0,2021_484972_2154684,484972.4556793939,2154683.6605248,VVEF033,radar fijo,Calz. Ignacio Zaragoza,y Anselmo de la Portilla,≤10 m
2020,2020_485107_2148035,485106.8579642713,2148035.2566221436,1,JFCF022,radar fijo,Eje Central Lázaro Cárdenas,y Avenida Hidalgo,2020,2021,0,2021_485107_2148035,485106.8579642713,2148035.2566221436,JFCF022,radar fijo,Eje Central Lázaro Cárdenas,y Avenida Hidalgo,≤10 m
2020,2020_485181_2145907,485180.8785617652,2145907.1585194245,1,VVEF005,radar fijo,Av. Ejército Nacional,y Calle Luis Vives,2020,2021,0,2021_485181_2145907,485180.8785617652,2145907.1585194245,VVEF005,radar fijo,Av. Ejército Nacional,y Calle Luis Vives,≤10 m
2020,2020_485231_2149068,485231.188506412,2149067.9707175293,1,RVEF007,radar fijo,Eje 3 Sur José Peón,y Contreras y José María Bustillos,2020,2021,0,2021_485231_2149068,485231.188506412,2149067.9707175293,RVEF007,radar fijo,Eje 3 Sur José Peón,y Contreras y José María Bustillos,≤10 m
2020,2020_485304_2149977,485304.2230727506,2149977.393897573,3,BFCF005 | BFCF006 | BFCF016,radar fijo,Eje 1 Norte Mosqueta - Paseo de la Reforma ,y Eje Central Lázaro Cárdenas,2020,2021,0,2021_485304_2149977,485304.2230727506,2149977.393897573,BFCF005 | BFCF006 | BFCF016,radar fijo,Eje 1 Norte Mosqueta - Paseo de la Reforma ,y Eje Central Lázaro Cárdenas,≤10 m
2020,2020_485311_2137210,485311.3676919761,2137210.303271821,1,RVEF012,radar fijo,Circuito Bicentenario Av. Río Consulado,y Cantón,2020,2021,0,2021_485311_2137210,485311.3676919761,2137210.303271821,RVEF012,radar fijo,Circuito Bicentenario Av. Río Consulado,y Cantón,≤10 m
2020,2020_485362_2136175,485361.62667267147,2136174.8585717916,1,,radar móvil,Calzada De Tlalpan Y ,Calle Elvira Dirección Norte,2020,2021,0,2021_485362_2136175,485361.62667267147,2136174.8585717916,,radar móvil,Calzada De Tlalpan Y ,Calle Elvira Dirección Norte,≤10 m
2020,2020_485367_2143347,485367.4071642836,2143347.3398127854,1,RVEM005,radar móvil,Calzada De Tlalpan Y,Calle Elvira Direccion Norte,2020,2021,0,2021_485367_2143347,485367.4071642836,2143347.3398127854,RVEM007,radar móvil,Calzada De Tlalpan Y,Calle Elvira Direccion Norte,≤10 m
2020,2020_485399_2149952,485398.883502703,2149951.977500506,1,BFCF019,radar fijo,Eje 1 Poniente Guerrero,y Eje 2 Norte Manuel González,2020,2021,0,2021_485399_2149952,485398.883502703,2149951.977500506,BFCF019,radar fijo,Eje 1 Poniente Guerrero,y Eje 2 Norte Manuel González,≤10 m
2020,2020_485473_2150577,485473.0737431347,2150577.1100179497,2,JFCF007 | JFCF015,radar fijo,Eje Central Lázaro Cárdenas,y Av. Ricardo Flores Magón,2020,2021,0,2021_485473_2150577,485473.0737431347,2150577.1100179497,JFCF007 | JFCF015,radar fijo,Eje Central Lázaro Cárdenas,y Av. Ricardo Flores Magón,≤10 m
2020,2020_485488_2151148,485487.5978079811,2151148.0707825944,1,JFCF029,radar fijo,Eje Central ,y Margarita Maza de Juarez,2020,2021,0,2021_485488_2151148,485487.5978079811,2151148.0707825944,JFCF029,radar fijo,Eje Central ,y Margarita Maza de Juarez,≤10 m
2020,2020_485489_2151242,485489.24798943463,2151242.3463323778,1,RVEM001,radar móvil,Eje 2 Norte Manuel Gonzalez Y,Calle Lerdo Dirección Poniente,2020,2021,0,2021_485489_2151242,485489.24798943463,2151242.3463323778,RVEM001,radar móvil,Eje 2 Norte Manuel Gonzalez Y,Calle Lerdo Dirección Poniente,≤10 m
2020,2020_485570_2138562,485569.51990425173,2138561.7899608333,1,JFCF013,radar fijo,Jose Maria Izazaga,y Eje Central Lázaro Cárdenas,2020,2021,0,2021_485570_2138562,485569.51990425173,2138561.7899608333,JFCF013,radar fijo,Jose Maria Izazaga,y Eje Central Lázaro Cárdenas,≤10 m
2020,2020_485571_2138579,485571.42404542194,2138578.8288904596,1,JFCF012,radar fijo,Eje 1 Ote. Andrés Molina Enríquez,y Eje 5 Sur Playa Villa del Mar,2020,2021,0,2021_485571_2138579,485571.42404542194,2138578.8288904596,JFCF012,radar fijo,Eje 1 Ote. Andrés Molina Enríquez,y Eje 5 Sur Playa Villa del Mar,≤10 m
2020,2020_485616_2150175,485616.13453553186,2150174.6593402987,1,RVEF016,radar fijo,Eje 5 Av. Montevideo,y Pulacayo,2020,2021,0,2021_485616_2150175,485616.13453553186,2150174.6593402987,RVEF016,radar fijo,Eje 5 Av. Montevideo,y Pulacayo,≤10 m
2020,2020_485940_2154187,485939.93392621673,2154186.928864645,1,VVEF007,radar fijo,Av. Paseo de la Reforma ,e Ignacio Allende,2020,2021,0,2021_485940_2154187,485939.93392621673,2154186.928864645,VVEF007,radar fijo,Av. Paseo de la Reforma ,e Ignacio Allende,≤10 m
2020,2020_485940_2154861,485940.14490418363,2154861.032610049,1,RVEF030,radar fijo,Av. Paseo de la Reforma ,y Estela de Luz,2020,2021,0,2021_485940_2154861,485940.14490418363,2154861.032610049,RVEF030,radar fijo,Av. Paseo de la Reforma ,y Estela de Luz,≤10 m
2020,2020_485983_2155183,485983.1058379334,2155183.2236255654,2,BFCF010 | BFCF011,radar fijo,Av. Instituto Politécnico Nacional ,y Eje 5 Nte Montevideo,2020,2021,0,2021_485983_2155183,485983.1058379334,2155183.2236255654,BFCF010 | BFCF011,radar fijo,Av. Instituto Politécnico Nacional ,y Eje 5 Nte Montevideo,≤10 m
2020,2020_486046_2147961,486046.46831689065,2147960.8121739198,2,BFCF030 | BFCF031,radar fijo,Eje 9 Sur Miguel Ángel de Quevedo,y Av. Universidad,2020,2021,0,2021_486046_2147961,486046.46831689065,2147960.8121739198,BFCF030 | BFCF031,radar fijo,Eje 9 Sur Miguel Ángel de Quevedo,y Av. Universidad,≤10 m
2020,2020_486112_2148522,486111.98636422044,2148521.663106274,1,JFCF021,radar fijo,Av. Cuitláhuac ,y Av. Jardín,2020,2021,0,2021_486112_2148522,486111.98636422044,2148521.663106274,JFCF021,radar fijo,Av. Cuitláhuac ,y Av. Jardín,≤10 m
2020,2020_486230_2147701,486230.08932339784,2147700.636394946,2,BFCF004 | BFCF035,radar fijo,Circuito Bicentenario Maestro José Vasconcelos,y Av. Benjamín Franklin,2020,2021,0,2021_486230_2147701,486230.08932339784,2147700.636394946,BFCF004 | BFCF035,radar fijo,Circuito Bicentenario Maestro José Vasconcelos,y Av. Benjamín Franklin,≤10 m
2020,2020_486356_2142560,486355.65886277374,2142560.381817535,2,JFCF006 | JFCF014,radar fijo,Eje 6 Sur Playa Pie de la Cuesta,y Eje 1 Ote. Andrés Molina Enríquez,2020,2021,0,2021_486356_2142560,486355.65886277374,2142560.381817535,JFCF006 | JFCF014,radar fijo,Eje 6 Sur Playa Pie de la Cuesta,y Eje 1 Ote. Andrés Molina Enríquez,≤10 m
2020,2020_486402_2143035,486402.21949799213,2143034.936048268,1,JFCF026,radar fijo,Av. Aquiles Serdán ,y Av. Tezozomoc,2020,2021,0,2021_486402_2143035,486402.21949799213,2143034.936048268,JFCF026,radar fijo,Av. Aquiles Serdán ,y Av. Tezozomoc,≤10 m
2020,2020_486414_2151409,486414.07463639276,2151408.7136609536,1,RVEM002,radar móvil,Calzada De Los Misterios Y ,Calle Arrigo Boito Dirección Sur,2020,2021,0,2021_486414_2151409,486414.07463639276,2151408.7136609536,RVEM002,radar móvil,Calzada De Los Misterios Y ,Calle Arrigo Boito Dirección Sur,≤10 m
2020,2020_486636_2150915,486635.53079561517,2150915.3986570807,1,RVEF019,radar fijo,Av. Constituyentes ,y Camino de los Toros,2020,2021,0,2021_486636_2150915,486635.53079561517,2150915.3986570807,RVEF019,radar fijo,Av. Constituyentes ,y Camino de los Toros,≤10 m
2020,2020_486887_2152669,486887.2027161789,2152668.819478079,4,BFCF014 | BFCF029 | BFCF033 | BFCF034,radar fijo,Calzada de Misterios,y Eje 3 Norte Av. Alfredo Robles Domínguez,2020,2021,0,2021_486887_2152669,486887.2027161789,2152668.819478079,BFCF014 | BFCF029 | BFCF033 | BFCF034,radar fijo,Calzada de Misterios,y Eje 3 Norte Av. Alfredo Robles Domínguez,≤10 m
2020,2020_486906_2150856,486905.7239654484,2150856.4105014415,4,BFCF022 | BFCF023 | BFCF024 | BFCF025,radar fijo,"Eje 1 Oriente Av. del Trabajo, Eje 2 Norte Canal del Norte",y Av. Circunvalación,2020,2021,0,2021_486906_2150856,486905.7239654484,2150856.4105014415,BFCF022 | BFCF023 | BFCF024 | BFCF025,radar fijo,"Eje 1 Oriente Av. del Trabajo, Eje 2 Norte Canal del Norte",y Av. Circunvalación,≤10 m
2020,2020_487430_2145712,487430.19436023873,2145712.068898416,1,VVEF004,radar fijo,Eje 8 Sur Ermita Iztapalapa,y Rocío,2020,2021,0,2021_487430_2145712,487430.19436023873,2145712.068898416,VVEF004,radar fijo,Eje 8 Sur Ermita Iztapalapa,y Rocío,≤10 m
2020,2020_487561_2147473,487560.850131518,2147473.176356762,1,RVEF003,radar fijo,Av. Calzada Ignacio Zaragoza,y Azcárraga Vidaurreta,2020,2021,0,2021_487561_2147473,487560.850131518,2147473.176356762,RVEF003,radar fijo,Av. Calzada Ignacio Zaragoza,y Azcárraga Vidaurreta,≤10 m
2020,2020_487941_2130256,487940.93806018686,2130256.2070857864,2,JFCF008 | JFCF025,radar fijo,Av. Guadalupe I. Ramírez,y Prol. División del Norte,2020,2021,0,2021_487941_2130256,487940.93806018686,2130256.2070857864,JFCF008 | JFCF025,radar fijo,Av. Guadalupe I. Ramírez,y Prol. División del Norte,≤10 m
2020,2020_489302_2147606,489301.9856727786,2147606.384614436,1,RVEF040,radar fijo,Eje Central Lázaro Cárdenas,y Toribio Medina,2020,2021,0,2021_489302_2147606,489301.9856727786,2147606.384614436,RVEF040,radar fijo,Eje Central Lázaro Cárdenas,y Toribio Medina,≤10 m
2020,2020_489734_2153791,489734.3507137402,2153790.8842317862,1,JFCF020,radar fijo,Calz Gral. Ignacio Zaragoza,y Circuito Bicentenario Boulevard Puerto Aéreo,2020,2021,0,2021_489734_2153791,489734.3507137402,2153790.8842317862,JFCF020,radar fijo,Calz Gral. Ignacio Zaragoza,y Circuito Bicentenario Boulevard Puerto Aéreo,≤10 m
2020,2020_489838_2147294,489838.16025441815,2147294.033894816,1,VVEF002,radar fijo,Anillo Periférico,y Embarcadero del Parque Ecológico de Xochimilco,2020,2021,0,2021_489838_2147294,489838.16025441815,2147294.033894816,VVEF002,radar fijo,Anillo Periférico,y Embarcadero del Parque Ecológico de Xochimilco,≤10 m
2020,2020_489936_2147296,489935.5857564855,2147295.9711870383,1,RVEF011,radar fijo,Eje Central Lázaro Cárdenas ,y Fortuna,2020,2021,0,2021_489936_2147296,489935.5857564855,2147295.9711870383,RVEF011,radar fijo,Eje Central Lázaro Cárdenas ,y Fortuna,≤10 m
2020,2020_489953_2142872,489952.5537835009,2142872.17467813,1,JFCF011,radar fijo,Eje 3 Pte. Thiers,y Darwin,2020,2021,0,2021_489953_2142872,489952.5537835009,2142872.17467813,JFCF011,radar fijo,Eje 3 Pte. Thiers,y Darwin,≤10 m
2020,2020_489954_2142799,489954.0882078002,2142798.700552957,1,JVEF010,radar fijo,AUN /   Fernando Alencastre,y Av. de los Constituyentes,2020,2021,0,2021_489954_2142799,489954.0882078002,2142798.700552957,JVEF010,radar fijo,AUN /   Fernando Alencastre,y Av. de los Constituyentes,≤10 m
2020,2020_490958_2149247,490957.7433004438,2149246.787605837,1,JVEF008,radar fijo,AUN / Deportivo Israelita /Ing. Zapadores,y Av. del Conscripto,2020,2021,0,2021_490958_2149247,490957.7433004438,2149246.787605837,JVEF008,radar fijo,AUN / Deportivo Israelita /Ing. Zapadores,y Av. del Conscripto,≤10 m
2020,2020_491866_2146060,491865.6707786153,2146060.003478987,1,BFCF009,radar fijo,Calz Gral. Ignacio Zaragoza,y Viaducto,2020,2021,0,2021_491866_2146060,491865.6707786153,2146060.003478987,BFCF009,radar fijo,Calz Gral. Ignacio Zaragoza,y Viaducto,≤10 m
2020,2020_492061_2136096,492060.79437148,2136095.569138875,1,JFCF001,radar fijo,Eje 4 Ote. Canal Rio Churubusco,y Canal de Apatlaco,2020,2021,0,2021_492061_2136096,492060.79437148,2136095.569138875,JFCF001,radar fijo,Eje 4 Ote. Canal Rio Churubusco,y Canal de Apatlaco,≤10 m
2020,2020_493791_2142490,493790.9143492955,2142489.920309619,1,JFCF002,radar fijo,Eje 9 Sur Taxqueña,y Eje 1 Oriente Canal de Miramontes,2020,2021,0,2021_493791_2142490,493790.9143492955,2142489.920309619,JFCF002,radar fijo,Eje 9 Sur Taxqueña,y Eje 1 Oriente Canal de Miramontes,≤10 m
2020,2020_494069_2138759,494069.3082239816,2138759.1778475577,1,RVEF013,radar fijo,Circuito Bicentenario Calz. Melchor Ocampo,y Nezahualpilli,2020,2021,0,2021_494069_2138759,494069.3082239816,2138759.1778475577,RVEF013,radar fijo,Circuito Bicentenario Calz. Melchor Ocampo,y Nezahualpilli,≤10 m
2020,2020_494216_2144648,494216.08878485207,2144647.791159215,1,JVEF009,radar fijo,AUN /Gral. Juan Cabral,y Batalla de Celaya,2020,2021,0,2021_494216_2144648,494216.08878485207,2144647.791159215,JVEF009,radar fijo,AUN /Gral. Juan Cabral,y Batalla de Celaya,≤10 m
2020,2020_494838_2140914,494837.63520902366,2140914.235566915,2,JFCF009 | JFCF016,radar fijo,Eje 6 Sur Av. Luis Méndez,y Carlos L Gracidas,2020,2021,0,2021_494838_2140914,494837.63520902366,2140914.235566915,JFCF009 | JFCF016,radar fijo,Eje 6 Sur Av. Luis Méndez,y Carlos L Gracidas,≤10 m
2020,2020_495549_2143864,495548.6729013247,2143863.883962151,1,VVEF035,radar fijo,Eje 1 Nte. Mosqueta,y Soto,2020,2021,0,2021_495549_2143864,495548.6729013247,2143863.883962151,VVEF035,radar fijo,Eje 1 Nte. Mosqueta,y Soto,≤10 m
2020,2020_498388_2139792,498387.6329406231,2139791.6713630906,1,JFCF003,radar fijo,Eje 1 Oriente Canal de Miramontes,y Eje 9 Sur Taxqueña y Cerro de Teponaxtle,2020,2021,0,2021_498388_2139792,498387.6329406231,2139791.6713630906,JFCF003,radar fijo,Eje 1 Oriente Canal de Miramontes,y Eje 9 Sur Taxqueña y Cerro de Teponaxtle,≤10 m
2021,2021_477587_2149411,477587.1109403335,2149411.468207614,1,JFCF023,radar fijo,Eje 2 Norte Manuel González,y Eje Central Lázaro Cárdenas,2021,2022,0,2022_477587_2149411,477587.1109403335,2149411.468207614,JFCF023,radar fijo,Eje 2 Norte Manuel González Y,Eje Central Lázaro Cárdenas,≤10 m
2021,2021_478706_2138811,478706.3346307974,2138811.0095976684,1,JVEF011,radar fijo,AUN /  Calle 16,y Av. San Antonio,2021,2022,0,2022_478706_2138811,478706.3346307974,2138811.0095976684,JVEF011,radar fijo,Aun/Calle 16 Y,Av. San Antonio,≤10 m
2021,2021_478913_2139601,478912.8221599009,2139601.0168050798,1,JVEF012,radar fijo,AUN / Av. Río Becerra ,y 11 de Abril,2021,2022,0,2022_478913_2139601,478912.8221599009,2139601.0168050798,JVEF012 | RVEF044,radar fijo,Periférico 2P Calz. Sta. Catarina Entre Hermenegildo Galeana Y ,"León Felipe, Sentido Sur-Norte",≤10 m
2021,2021_479280_2149332,479279.6852975932,2149331.880051976,1,,radar móvil,Av. Ejercito Nacional Mexicano Y ,Anatole France Direccion Poniente,2021,2022,0,2022_479280_2149332,479279.6852975932,2149331.880051976,,radar móvil,Av. Ejercito Nacional Mexicano Y ,Anatole France Direccion Poniente,≤10 m
2021,2021_479287_2149337,479287.0396629301,2149337.404308697,1,RVEM010,radar móvil,Av. Ejercito Nacional Mexicano Y ,Anatole France Direccion Poniete,2021,2022,0,2022_479287_2149337,479287.0396629301,2149337.404308697,RVEM010,radar móvil,Av. Ejercito Nacional Mexicano Y ,Anatole France Direccion Poniete,≤10 m
2021,2021_479599_2155022,479598.8304460184,2155022.343298866,1,RVEF014,radar fijo,Viaducto Río de la Piedad,y 1ro de Mayo,2021,2022,3309.720195805127,2022_482120_2152878,482119.53538082755,2152877.513607224,RVEM005,radar móvil,Eje 3 Norte Av. Cuitlahuac Y  ,Calle Piñon Sentido Poniente,>100 m
2021,2021_479642_2140608,479642.1121701955,2140607.6775308824,1,JVEF014,radar fijo,AUN / Av. Ejército Nacional,y Miguel de Cervantes Saavedra,2021,2022,0,2022_479642_2140608,479642.1121701955,2140607.6775308824,JVEF014,radar fijo,Aun/Av. Ejército Nacional Y,Miguel De Cervantes Saavedra,≤10 m
2021,2021_479708_2140605,479708.1162554607,2140605.4127016896,1,JVEF013,radar fijo,AUN / Gobernador José Ceballos,y Av. Constituyentes,2021,2022,0,2022_479708_2140605,479708.1162554607,2140605.4127016896,JVEF013,radar fijo,Aun/Gobernador José Ceballos Y,Av. Constituyentes,≤10 m
2021,2021_480032_2138962,480032.4562703695,2138961.7284793,1,RVEM011,radar móvil,Av. Revolución Y ,Calle Rafael Checa,2021,2022,0,2022_480032_2138962,480032.4562703695,2138961.7284793,RVEM011,radar móvil,Av. Revolución Y ,Calle Rafael Checa,≤10 m
2021,2021_480074_2146539,480073.5547555747,2146538.866602322,1,RVEF001,radar fijo,Av. Chapultepec ,y Guaymas,2021,2022,811.9687992526403,2022_480661_2145978,480660.9939688194,2145978.3235605294,BCFC002 | BFCF001,radar fijo,José María Izazaga Y,José María Pino Suárez,>100 m
2021,2021_480140_2141035,480140.17624916753,2141035.1306192167,1,JFCF028,radar fijo,Av. Marina Nacional,y Felipe Carrillo Puerto,2021,2022,0,2022_480140_2141035,480140.17624916753,2141035.1306192167,JFCF028,radar fijo,Av. Marina Nacional Y,Felipe Carrillo Puerto,≤10 m
2021,2021_480522_2150855,480521.5908068836,2150854.5661406014,1,RVEF002,radar fijo,Fray Servando Teresa de Mier ,y Cucurpe,2021,2022,0,2022_480522_2150855,480521.5908068836,2150854.5661406014,RVEF002,radar fijo,Fray Servando Teresa De Mier Y ,Cucurpe,≤10 m
2021,2021_480661_2145978,480660.9939688194,2145978.3235605294,2,BFCF001 | BFCF002,radar fijo,José María Izazaga ,y José María Pino Suárez,2021,2022,0,2022_480661_2145978,480660.9939688194,2145978.3235605294,BCFC002 | BFCF001,radar fijo,José María Izazaga Y,José María Pino Suárez,≤10 m
2021,2021_480852_2150425,480852.4829398144,2150425.3956408612,2,JFCF027 | JFCF035,radar fijo,Av. Ejército Nacional Mexicano ,y Anillo Periférico Boulevard Manuel Ávila Camacho,2021,2022,0,2022_480852_2150425,480852.4829398144,2150425.3956408612,JFCF027 | JFCF035,radar fijo,Av. Ejército Nacional Mexicano Y,Anillo Periférico Boulevard Manuel Ávila Camacho,≤10 m
2021,2021_481022_2139189,481021.8847857099,2139189.386674418,1,JFCF024,radar fijo,Eje 3 Oriente Ing. Eduardo Molina,y Eje 5 Norte San Juan de Aragón,2021,2022,0,2022_481022_2139189,481021.8847857099,2139189.386674418,JFCF024,radar fijo,Eje 3 Oriente Ing. Edurado Molina Y,Eje 5 Norte San Juan De Aragón,≤10 m
2021,2021_481081_2139219,481080.8376463651,2139218.869400922,3,BFBF008 | BFCF007 | BFCF021,radar fijo,Insurgentes Buenavista,y Eje 1 Norte,2021,2022,0,2022_481081_2139219,481080.8376463651,2139218.869400922,BFCF007 | BFCF008 | BFCF021,radar fijo,Insurgentes Buenavista ,Y Eje 1 Norte,≤10 m
2021,2021_481509_2145758,481508.7829218684,2145757.569784808,1,,radar móvil,Eje 3 Sur Av. Baja California Y,Choapan Direccion Poniente,2021,2022,0,2022_481509_2145758,481508.7829218684,2145757.569784808,,radar móvil,Eje 3 Sur Av. Baja California Y,Choapan Direccion Poniente,≤10 m
2021,2021_481586_2147707,481586.4658871726,2147706.6487749,1,VVEF032,radar fijo,Calz. Vallejo ,y Calle Pino Suárez,2021,2022,0,2022_481586_2147707,481586.4658871726,2147706.6487749,VVEF032,radar fijo,Viaducto Río De La Piedad Y,Primero De Mayo,≤10 m
2021,2021_481657_2148412,481657.30843529844,2148411.6606288855,1,JFCF018,radar fijo,Calz. Gral. Ignacio Zaragoza,y Circuito Bicentenario Boulevard Puerto Aéreo,2021,2022,0,2022_481657_2148412,481657.30843529844,2148411.6606288855,JFCF018,radar fijo,Calz. Gral. Ignacio Zaragoza Y,Circuito Bicentenario Boulevard Puerto Aéreo,≤10 m
2021,2021_481740_2147456,481740.3255781062,2147456.3054555757,1,BFCF026,radar fijo,Chapultepec - Sonora ,y Lieja,2021,2022,0,2022_481740_2147456,481740.3255781062,2147456.3054555757,BFCF026,radar fijo,Chapultepec-Sonora Y,Lieja,≤10 m
2021,2021_482100_2139072,482099.5930145589,2139072.4395822664,1,,radar móvil,Miguel Angel De Quevedo Y ,Calle Delta,2021,2022,0,2022_482100_2139072,482099.5930145589,2139072.4395822664,,radar móvil,Miguel Angel De Quevedo Y ,Calle Delta,≤10 m
2021,2021_482101_2139070,482100.64114490343,2139070.2255005813,1,,radar móvil,Alfredo Robles Dominguez Sentido Poniente ,-,2021,2022,0,2022_482101_2139070,482100.64114490343,2139070.2255005813,,radar móvil,Alfredo Robles Dominguez Sentido Poniente ,-,≤10 m
2021,2021_482101_2139071,482100.6422351752,2139071.3320239643,1,,radar móvil,Miguel Ángel De Quevedo Y ,Calle Delta Dirección Oriente,2021,2022,0,2022_482101_2139071,482100.6422351752,2139071.3320239643,,radar móvil,Miguel Ángel De Quevedo Y ,Calle Delta Dirección Oriente,≤10 m
2021,2021_482120_2152878,482119.53538082755,2152877.513607224,1,RVEM005,radar móvil,Eje 3 Norte Av. Cuitlahuac Y  ,Calle Piñon Sentido Poniente,2021,2022,0,2022_482120_2152878,482119.53538082755,2152877.513607224,RVEM005,radar móvil,Eje 3 Norte Av. Cuitlahuac Y  ,Calle Piñon Sentido Poniente,≤10 m
2021,2021_482638_2149909,482638.28820150794,2149909.2727574455,1,RVEM004,radar móvil,Ribera De San Cosme Y,Virginia Fabregas Direccion Oriente,2021,2022,0,2022_482638_2149909,482638.28820150794,2149909.2727574455,RVEM004,radar móvil,Ribera De San Cosme Y,Virginia Fabregas Direccion Oriente,≤10 m
2021,2021_483134_2157480,483133.6831731268,2157479.8608000493,1,RVEF023,radar fijo,Eje 2 Nte. Manuel González,y Calle General Ignacio Zaragoza,2021,2022,0,2022_483134_2157480,483133.6831731268,2157479.8608000493,RVEF023,radar fijo,Eje 2 Nte. Manuel González Y,Calle General Ignacio Zaragoza,≤10 m
2021,2021_483154_2149748,483153.53269181866,2149748.3373035477,1,,radar móvil,Av. Ribera De San Cosme Sentido Poniente  ,-,2021,2022,0,2022_483154_2149748,483153.53269181866,2149748.3373035477,,radar móvil,Av. Ribera De San Cosme Sentido Poniente  ,-,≤10 m
2021,2021_483252_2149723,483252.1801188704,2149722.7952807476,1,RVEM008,radar móvil,Ribera De San Cosme Y ,Jaime Torres Bodet Sentido Poniente,2021,2022,0,2022_483252_2149723,483252.1801188704,2149722.7952807476,RVEM008,radar móvil,Ribera De San Cosme Y ,Jaime Torres Bodet Sentido Poniente,≤10 m
2021,2021_483252_2150323,483252.4215946765,2150322.9801209937,1,VVEF001,radar fijo,Av.608,y Av. 508,2021,2022,0,2022_483252_2150323,483252.4215946765,2150322.9801209937,VVEF001,radar fijo,Av. 608 Y ,Av. 508,≤10 m
2021,2021_483325_2153247,483324.71583814407,2153247.3819637955,1,VVEF031,radar fijo,Calz. Vallejo,y Cuauhtémoc,2021,2022,0,2022_483325_2153247,483324.71583814407,2153247.3819637955,VVEF031,radar fijo,Av. Constituyentes Y ,Camino De Los Toros,≤10 m
2021,2021_483655_2149947,483655.46545055846,2149947.0526854345,1,,radar móvil,Av. Revolucion  Sentido Norte ,-,2021,2022,0,2022_483655_2149947,483655.46545055846,2149947.0526854345,,radar móvil,Av. Revolucion  Sentido Norte ,-,≤10 m
2021,2021_483656_2149563,483656.16782172455,2149563.084271439,1,,radar móvil,Ribera De San Cosme Y ,Puente De Alvarado Sentido Oriente,2021,2022,0,2022_483656_2149563,483656.16782172455,2149563.084271439,,radar móvil,Ribera De San Cosme Y ,Puente De Alvarado Sentido Oriente,≤10 m
2021,2021_483662_2147898,483662.2313940677,2147897.9328471995,1,RVEF017,radar fijo,Eje 5 Av. Montevideo,y Nte. 31-A,2021,2022,1451.1387757561401,2022_485107_2148035,485106.8579642713,2148035.2566221436,JFCF022,radar fijo,Eje Central Lázaro Cárdenas Y,Avenida Hidalgo,>100 m
2021,2021_483990_2138835,483989.94424220757,2138834.9857656844,1,RVEM012,radar móvil,Miguel Angel De Quevedo Y,Calle Inglaterra Direccion Oriente,2021,2022,0,2022_483990_2138835,483989.94424220757,2138834.9857656844,RVEM012,radar móvil,Miguel Angel De Quevedo Y,Calle Inglaterra Direccion Oriente,≤10 m
2021,2021_484080_2157090,484079.96506656124,2157090.1927551692,1,VVEF003,radar fijo,Anillo Periférico Canal de Garay,y Lebrija,2021,2022,0,2022_484080_2157090,484079.96506656124,2157090.1927551692,VVEF003,radar fijo,Circuito Bicentenario Instituto Técnico Industrial Y ,Calle Eligio Ancona,≤10 m
2021,2021_484232_2155535,484231.93223760696,2155534.636712037,1,RVEF008,radar fijo,Eje 1 Nte. José Antonio Álzate ,y Naranjo,2021,2022,0,2022_484232_2155535,484231.93223760696,2155534.636712037,RVEF008,radar fijo,Eje 1 Nte. José Antonio Alzáte Y ,Naranjo,≤10 m
2021,2021_484311_2145854,484311.3241975992,2145853.5162685877,3,BCFC003 | BFCF017 | BFCF018,radar fijo,Eje 3 Sur (Dr. Morones Prieto) ,y Dr. José Ma. Vértiz,2021,2022,0,2022_484311_2145854,484311.3241975992,2145853.5162685877,BCFC003 | BFCF017 | BFCF018,radar fijo,Eje 3 Sur (Dr. Morones Prieto) Y,Dr. José Ma. Vértiz,≤10 m
2021,2021_484638_2151351,484638.4048130572,2151350.970706135,1,VVEF006,radar fijo,Circuito Bicentenario Av. Río Consulado ,y Av. Congreso de la Unión,2021,2022,0,2022_484638_2151351,484638.4048130572,2151350.970706135,VVEF006,radar fijo,Circuito Bicentenario Av. Río Consulado Y,Avenida Congreso De La Unión,≤10 m
2021,2021_484776_2151318,484775.7907100563,2151318.2889615246,1,JFCF010,radar fijo,Eje 4 Pte. Av. Revolución,y Av. Barranca del Muerto,2021,2022,0,2022_484776_2151318,484775.7907100563,2151318.2889615246,JFCF010,radar fijo,Eje 4 Pte. Av. Revolución Y ,Av. Barranca Del Muerto,≤10 m
2021,2021_484811_2152819,484810.5988130709,2152818.746455701,1,RVEF034,radar fijo,Av. Revolución,y Calle 13,2021,2022,0,2022_484811_2152819,484810.5988130709,2152818.746455701,RVEF034,radar fijo,Av. Revolución Y,Calle 13,≤10 m
2021,2021_484814_2145882,484813.62861509604,2145881.747092912,1,RVEF021,radar fijo,Av. Insurgentes Nte.,y Pte. 112,2021,2022,0,2022_484814_2145882,484813.62861509604,2145881.747092912,RVEF021,radar fijo,Av. Insurgentes Nte. Y ,Pte. 112,≤10 m
2021,2021_484821_2140056,484820.9204257583,2140055.863373705,1,RVEF018,radar fijo,Circuito Bicentenario Instituto Técnico Industrial,y Calle Eligio Ancona,2021,2022,1476.8424260546863,2022_483990_2138835,483989.94424220757,2138834.9857656844,RVEM012,radar móvil,Miguel Angel De Quevedo Y,Calle Inglaterra Direccion Oriente,>100 m
2021,2021_484877_2150049,484877.45224910794,2150048.9073517825,1,VVEF008,radar fijo,Av. Oceanía,y Pablo R. Sidar,2021,2022,0,2022_484877_2150049,484877.45224910794,2150048.9073517825,VVEF008,radar fijo,Av. Oceanía Y,Pablo R. Sidar,≤10 m
2021,2021_484972_2154684,484972.4556793939,2154683.6605248,1,VVEF033,radar fijo,Calz. Ignacio Zaragoza,y Anselmo de la Portilla,2021,2022,0,2022_484972_2154684,484972.4556793939,2154683.6605248,VVEF033,radar fijo,Av. Chapultepec Y,Guaymas,≤10 m
2021,2021_485107_2148035,485106.8579642713,2148035.2566221436,1,JFCF022,radar fijo,Eje Central Lázaro Cárdenas,y Avenida Hidalgo,2021,2022,0,2022_485107_2148035,485106.8579642713,2148035.2566221436,JFCF022,radar fijo,Eje Central Lázaro Cárdenas Y,Avenida Hidalgo,≤10 m
2021,2021_485181_2145907,485180.8785617652,2145907.1585194245,1,VVEF005,radar fijo,Av. Ejército Nacional,y Calle Luis Vives,2021,2022,0,2022_485181_2145907,485180.8785617652,2145907.1585194245,VVEF005,radar fijo,Av. Ejército Nacional Y,Calle Luis Vives,≤10 m
2021,2021_485231_2149068,485231.188506412,2149067.9707175293,1,RVEF007,radar fijo,Eje 3 Sur José Peón,y Contreras y José María Bustillos,2021,2022,0,2022_485231_2149068,485231.188506412,2149067.9707175293,RVEF007,radar fijo,Eje 3 Sur José Peón Contreras Y,José María Bustillos,≤10 m
2021,2021_485304_2149977,485304.2230727506,2149977.393897573,3,BFCF005 | BFCF006 | BFCF016,radar fijo,Eje 1 Norte Mosqueta - Paseo de la Reforma ,y Eje Central Lázaro Cárdenas,2021,2022,0,2022_485304_2149977,485304.2230727506,2149977.393897573,BFCF005 | BFCF006 | BFCF016,radar fijo,Eje 1 Norte Mosqueta - Paseo De La Reforma Y ,Eje Central Lázaro Cárdenas,≤10 m
2021,2021_485311_2137210,485311.3676919761,2137210.303271821,1,RVEF012,radar fijo,Circuito Bicentenario Av. Río Consulado,y Cantón,2021,2022,0,2022_485311_2137210,485311.3676919761,2137210.303271821,RVEF012,radar fijo,Circuito Bicentenario Av. Río Consulado Y,Cantón,≤10 m
2021,2021_485362_2136175,485361.62667267147,2136174.8585717916,1,,radar móvil,Calzada De Tlalpan Y ,Calle Elvira Dirección Norte,2021,2022,0,2022_485362_2136175,485361.62667267147,2136174.8585717916,,radar móvil,Calzada De Tlalpan Y ,Calle Elvira Dirección Norte,≤10 m
2021,2021_485367_2143347,485367.4071642836,2143347.3398127854,1,RVEM007,radar móvil,Calzada De Tlalpan Y,Calle Elvira Direccion Norte,2021,2022,0,2022_485367_2143347,485367.4071642836,2143347.3398127854,RVEM007,radar móvil,Calzada De Tlalpan Y,Calle Elvira Direccion Norte,≤10 m
2021,2021_485399_2149952,485398.883502703,2149951.977500506,1,BFCF019,radar fijo,Eje 1 Poniente Guerrero,y Eje 2 Norte Manuel González,2021,2022,0,2022_485399_2149952,485398.883502703,2149951.977500506,BFCF019,radar fijo,Eje 1 Poniente Guerrero Y,Eje 2 Norte Manuel González,≤10 m
2021,2021_485473_2150577,485473.0737431347,2150577.1100179497,2,JFCF007 | JFCF015,radar fijo,Eje Central Lázaro Cárdenas,y Av. Ricardo Flores Magón,2021,2022,0,2022_485473_2150577,485473.0737431347,2150577.1100179497,JFCF007 | JFCF015,radar fijo,Eje Central Lázaro Cárdenas Y,Av. Ricardo Flores Magón,≤10 m
2021,2021_485488_2151148,485487.5978079811,2151148.0707825944,1,JFCF029,radar fijo,Eje Central ,y Margarita Maza de Juarez,2021,2022,0,2022_485488_2151148,485487.5978079811,2151148.0707825944,JFCF029,radar fijo,Eje Central Y,Margarita Maza De Juárez,≤10 m
2021,2021_485489_2151242,485489.24798943463,2151242.3463323778,1,RVEM001,radar móvil,Eje 2 Norte Manuel Gonzalez Y,Calle Lerdo Dirección Poniente,2021,2022,0,2022_485489_2151242,485489.24798943463,2151242.3463323778,RVEM001,radar móvil,Eje 2 Norte Manuel Gonzalez Y,Calle Lerdo Dirección Poniente,≤10 m
2021,2021_485570_2138562,485569.51990425173,2138561.7899608333,1,JFCF013,radar fijo,Jose Maria Izazaga,y Eje Central Lázaro Cárdenas,2021,2022,0,2022_485570_2138562,485569.51990425173,2138561.7899608333,JFCF013,radar fijo,José María Izazaga Y,Eje Central Lázaro Cárdenas,≤10 m
2021,2021_485571_2138579,485571.42404542194,2138578.8288904596,1,JFCF012,radar fijo,Eje 1 Ote. Andrés Molina Enríquez,y Eje 5 Sur Playa Villa del Mar,2021,2022,0,2022_485571_2138579,485571.42404542194,2138578.8288904596,JFCF012,radar fijo,Eje 1 Ote. Andrés Molina Enríquez Y,Eje 5 Sur Playa Villa Del Mar,≤10 m
2021,2021_485616_2150175,485616.13453553186,2150174.6593402987,1,RVEF016,radar fijo,Eje 5 Av. Montevideo,y Pulacayo,2021,2022,0,2022_485616_2150175,485616.13453553186,2150174.6593402987,RVEF016,radar fijo,Eje 5 Av. Montevideo Y,Pulacayo,≤10 m
2021,2021_485940_2154187,485939.93392621673,2154186.928864645,1,VVEF007,radar fijo,Av. Paseo de la Reforma ,e Ignacio Allende,2021,2022,0,2022_485940_2154187,485939.93392621673,2154186.928864645,VVEF007,radar fijo,Av. Paseo De La Reforma E,Ignacio Allende,≤10 m
2021,2021_485940_2154861,485940.14490418363,2154861.032610049,1,RVEF030,radar fijo,Av. Paseo de la Reforma ,y Estela de Luz,2021,2022,0,2022_485940_2154861,485940.14490418363,2154861.032610049,RVEF030,radar fijo,Av. Paseo De La Reforma Y,Estela De Luz,≤10 m
2021,2021_485983_2155183,485983.1058379334,2155183.2236255654,2,BFCF010 | BFCF011,radar fijo,Av. Instituto Politécnico Nacional ,y Eje 5 Nte Montevideo,2021,2022,0,2022_485983_2155183,485983.1058379334,2155183.2236255654,BFCF010 | BFCF011,radar fijo,Av. Instituto Politécnico Nacional ,Y Eje 5 Nte Montevideo,≤10 m
2021,2021_486046_2147961,486046.46831689065,2147960.8121739198,2,BFCF030 | BFCF031,radar fijo,Eje 9 Sur Miguel Ángel de Quevedo,y Av. Universidad,2021,2022,0,2022_486046_2147961,486046.46831689065,2147960.8121739198,BFCF030 | BFCF031,radar fijo,Eje 9 Sur Miguel Ángel De Quevedo Y,Av. Universidad,≤10 m
2021,2021_486112_2148522,486111.98636422044,2148521.663106274,1,JFCF021,radar fijo,Av. Cuitláhuac ,y Av. Jardín,2021,2022,0,2022_486112_2148522,486111.98636422044,2148521.663106274,JFCF021,radar fijo,Av. Cuitláhuac Y ,Av. Jardín,≤10 m
2021,2021_486230_2147701,486230.08932339784,2147700.636394946,2,BFCF004 | BFCF035,radar fijo,Circuito Bicentenario Maestro José Vasconcelos,y Av. Benjamín Franklin,2021,2022,0,2022_486230_2147701,486230.08932339784,2147700.636394946,BFCF004 | BFCF035,radar fijo,Circuito Bicentenario Maestro José Vasconcelos Y ,Av. Benjamín Franklin,≤10 m
2021,2021_486356_2142560,486355.65886277374,2142560.381817535,2,JFCF006 | JFCF014,radar fijo,Eje 6 Sur Playa Pie de la Cuesta,y Eje 1 Ote. Andrés Molina Enríquez,2021,2022,0,2022_486356_2142560,486355.65886277374,2142560.381817535,JFCF006,radar fijo,Eje 6 Sur Playa Pie De La Cuesta Y,Eje 1 Ote. Andrés Molina Enríquez,≤10 m
2021,2021_486402_2143035,486402.21949799213,2143034.936048268,1,JFCF026,radar fijo,Av. Aquiles Serdán ,y Av. Tezozomoc,2021,2022,0,2022_486402_2143035,486402.21949799213,2143034.936048268,JFCF026,radar fijo,Av. Aquiles Serdán Y,Av. Tezozomoc,≤10 m
2021,2021_486414_2151409,486414.07463639276,2151408.7136609536,1,RVEM002,radar móvil,Calzada De Los Misterios Y ,Calle Arrigo Boito Dirección Sur,2021,2022,0,2022_486414_2151409,486414.07463639276,2151408.7136609536,RVEM002,radar móvil,Calzada De Los Misterios Y ,Calle Arrigo Boito Dirección Sur,≤10 m
2021,2021_486636_2150915,486635.53079561517,2150915.3986570807,1,RVEF019,radar fijo,Av. Constituyentes ,y Camino de los Toros,2021,2022,276.5573205146538,2022_486906_2150856,486905.7239654484,2150856.4105014415,BFCF022 | BFCF023 | BFCF024 | BFCF025,radar fijo,"Eje 1 Oriente Av. Del Trabajo, Eje 2 Norte Canal Del Norte Y",Av. Circunvalación,>100 m
2021,2021_486887_2152669,486887.2027161789,2152668.819478079,4,BFCF014 | BFCF029 | BFCF033 | BFCF034,radar fijo,Calzada de Misterios,y Eje 3 Norte Av. Alfredo Robles Domínguez,2021,2022,0,2022_486887_2152669,486887.2027161789,2152668.819478079,BFCF014 | BFCF029 | BFCF033 | BFCF034,radar fijo,Calzada De Misterios Y,Eje 3 Nte Av. Alfredo Robles Domínguez,≤10 m
2021,2021_486906_2150856,486905.7239654484,2150856.4105014415,4,BFCF022 | BFCF023 | BFCF024 | BFCF025,radar fijo,"Eje 1 Oriente Av. del Trabajo, Eje 2 Norte Canal del Norte",y Av. Circunvalación,2021,2022,0,2022_486906_2150856,486905.7239654484,2150856.4105014415,BFCF022 | BFCF023 | BFCF024 | BFCF025,radar fijo,"Eje 1 Oriente Av. Del Trabajo, Eje 2 Norte Canal Del Norte Y",Av. Circunvalación,≤10 m
2021,2021_487430_2145712,487430.19436023873,2145712.068898416,1,VVEF004,radar fijo,Eje 8 Sur Ermita Iztapalapa,y Rocío,2021,2022,0,2022_487430_2145712,487430.19436023873,2145712.068898416,VVEF004,radar fijo,Eje 8 Sur Ermita Iztapalapa Y,Rocío,≤10 m
2021,2021_487561_2147473,487560.850131518,2147473.176356762,1,RVEF003,radar fijo,Av. Calzada Ignacio Zaragoza,y Azcárraga Vidaurreta,2021,2022,1350.0601458450244,2022_486230_2147701,486230.08932339784,2147700.636394946,BFCF004 | BFCF035,radar fijo,Circuito Bicentenario Maestro José Vasconcelos Y ,Av. Benjamín Franklin,>100 m
2021,2021_487941_2130256,487940.93806018686,2130256.2070857864,2,JFCF008 | JFCF025,radar fijo,Av. Guadalupe I. Ramírez,y Prol. División del Norte,2021,2022,0,2022_487941_2130256,487940.93806018686,2130256.2070857864,JFCF008 | JFCF025,radar fijo,Av. Guadalupe I. Ramírez Y,Prol. División Del Norte,≤10 m
2021,2021_489302_2147606,489301.9856727786,2147606.384614436,1,RVEF040,radar fijo,Eje Central Lázaro Cárdenas,y Toribio Medina,2021,2022,620.5208731730613,2022_489838_2147294,489838.16025441815,2147294.033894816,VVEF002,radar fijo,Anillo Periférico Y,Y Embarcadero Del Parque Ecológico De Xochimilco,>100 m
2021,2021_489734_2153791,489734.3507137402,2153790.8842317862,1,JFCF020,radar fijo,Calz Gral. Ignacio Zaragoza,y Circuito Bicentenario Boulevard Puerto Aéreo,2021,2022,0,2022_489734_2153791,489734.3507137402,2153790.8842317862,JFCF020,radar fijo,Calz. Ignacio Zaragoza Y,Circuito Bicentenario Boulevard Puerto Aéreo Oriente,≤10 m
2021,2021_489838_2147294,489838.16025441815,2147294.033894816,1,VVEF002,radar fijo,Anillo Periférico,y Embarcadero del Parque Ecológico de Xochimilco,2021,2022,0,2022_489838_2147294,489838.16025441815,2147294.033894816,VVEF002,radar fijo,Anillo Periférico Y,Y Embarcadero Del Parque Ecológico De Xochimilco,≤10 m
2021,2021_489936_2147296,489935.5857564855,2147295.9711870383,1,RVEF011,radar fijo,Eje Central Lázaro Cárdenas ,y Fortuna,2021,2022,0,2022_489936_2147296,489935.5857564855,2147295.9711870383,RVEF011,radar fijo,Eje Central Lázaro Cárdenas,Y Fortuna,≤10 m
2021,2021_489953_2142872,489952.5537835009,2142872.17467813,1,JFCF011,radar fijo,Eje 3 Pte. Thiers,y Darwin,2021,2022,0,2022_489953_2142872,489952.5537835009,2142872.17467813,JFCF011,radar fijo,Eje 3 Pte. Thiers Y,Darwin,≤10 m
2021,2021_489954_2142799,489954.0882078002,2142798.700552957,1,JVEF010,radar fijo,AUN /   Fernando Alencastre,y Av. de los Constituyentes,2021,2022,0,2022_489954_2142799,489954.0882078002,2142798.700552957,JVEF010,radar fijo,Aun/Fernando Alencastre Y,Av. De Los Constituyentes,≤10 m
2021,2021_490958_2149247,490957.7433004438,2149246.787605837,1,JVEF008,radar fijo,AUN / Deportivo Israelita /Ing. Zapadores,y Av. del Conscripto,2021,2022,0,2022_490958_2149247,490957.7433004438,2149246.787605837,JVEF008,radar fijo,Aun/Deportivo Israelita/Ing. Zapadores Y,Av. Del Conscripto,≤10 m
2021,2021_491866_2146060,491865.6707786153,2146060.003478987,1,BFCF009,radar fijo,Calz Gral. Ignacio Zaragoza,y Viaducto,2021,2022,0,2022_491866_2146060,491865.6707786153,2146060.003478987,BFCF009,radar fijo,Calz. Gral. Ignacio Zaragoza,Y Viaducto,≤10 m
2021,2021_492061_2136096,492060.79437148,2136095.569138875,1,JFCF001,radar fijo,Eje 4 Ote. Canal Rio Churubusco,y Canal de Apatlaco,2021,2022,0,2022_492061_2136096,492060.79437148,2136095.569138875,JFCF001,radar fijo,Eje 4 Ote. Canal Río Churubusco Y,Canal De Apatlaco,≤10 m
2021,2021_493791_2142490,493790.9143492955,2142489.920309619,1,JFCF002,radar fijo,Eje 9 Sur Taxqueña,y Eje 1 Oriente Canal de Miramontes,2021,2022,0,2022_493791_2142490,493790.9143492955,2142489.920309619,JFCF002,radar fijo,Eje 9 Sur Taxqueña Y ,Eje 1 Oriente Canal De Miramontes,≤10 m
2021,2021_494069_2138759,494069.3082239816,2138759.1778475577,1,RVEF013,radar fijo,Circuito Bicentenario Calz. Melchor Ocampo,y Nezahualpilli,2021,2022,0,2022_494069_2138759,494069.3082239816,2138759.1778475577,RVEF013,radar fijo,Circuito Bicentenario Calz. Melchor Ocampo Y,Nezahualpilli,≤10 m
2021,2021_494216_2144648,494216.08878485207,2144647.791159215,1,JVEF009,radar fijo,AUN /Gral. Juan Cabral,y Batalla de Celaya,2021,2022,0,2022_494216_2144648,494216.08878485207,2144647.791159215,JVEF009,radar fijo,Aun/Gral. Juan Cabral Y ,Batalla De Celaya,≤10 m
2021,2021_494838_2140914,494837.63520902366,2140914.235566915,2,JFCF009 | JFCF016,radar fijo,Eje 6 Sur Av. Luis Méndez,y Carlos L Gracidas,2021,2022,0,2022_494838_2140914,494837.63520902366,2140914.235566915,JFCF009 | JFCF016,radar fijo,Eje 6 Sur Av. Luis Méndez Y,Carlos L. Gracidas,≤10 m
2021,2021_495549_2143864,495548.6729013247,2143863.883962151,1,VVEF035,radar fijo,Eje 1 Nte. Mosqueta,y Soto,2021,2022,0,2022_495549_2143864,495548.6729013247,2143863.883962151,VVEF035,radar fijo,Eje 1 Nte. Mosqueta Y ,Soto,≤10 m
2021,2021_498388_2139792,498387.6329406231,2139791.6713630906,1,JFCF003,radar fijo,Eje 1 Oriente Canal de Miramontes,y Eje 9 Sur Taxqueña y Cerro de Teponaxtle,2021,2022,0,2022_498388_2139792,498387.6329406231,2139791.6713630906,JFCF003,radar fijo,Eje 1 Oriente Canal De Miramontes Y Eje 9 Sur Taxqueña Y,Cerro De Teponaxtle,≤10 m
2022,2022_477587_2149411,477587.1109403335,2149411.468207614,1,JFCF023,radar fijo,Eje 2 Norte Manuel González Y,Eje Central Lázaro Cárdenas,2022,2023,4.457356055752879,2023_477584_2149415,477584.36504025554,2149414.9793407316,028-SSC-MIH-FC-124.222,radar fijo,Periférico Boulevard Manuel Ávila Camacho,Juan Racine,≤10 m
2022,2022_478706_2138811,478706.3346307974,2138811.0095976684,1,JVEF011,radar fijo,Aun/Calle 16 Y,Av. San Antonio,2022,2023,0,2023_478706_2138811,478706.3346307974,2138811.0095976684,JVEF011,radar fijo,Aun/Calle 16 Y,Av. San Antonio,≤10 m
2022,2022_478913_2139601,478912.8221599009,2139601.0168050798,2,JVEF012 | RVEF044,radar fijo,Periférico 2P Calz. Sta. Catarina Entre Hermenegildo Galeana Y ,"León Felipe, Sentido Sur-Norte",2022,2023,0,2023_478913_2139601,478912.8221599009,2139601.0168050798,JVEF012,radar fijo,Aun/Av. Río Becerra Y,11 De Abril,≤10 m
2022,2022_479002_2140037,479001.96982659993,2140036.663896595,3,RVEF041 | RVEF042 | RVEF043,radar fijo,Periférico 2P Ajusco Entre Etna Y ,"Calz. De Las Águilas, Sentido Norte-Sur",2022,2023,444.6748191922655,2023_478913_2139601,478912.8221599009,2139601.0168050798,JVEF012,radar fijo,Aun/Av. Río Becerra Y,11 De Abril,>100 m
2022,2022_479280_2149332,479279.6852975932,2149331.880051976,1,,radar móvil,Av. Ejercito Nacional Mexicano Y ,Anatole France Direccion Poniente,2022,2023,0,2023_479280_2149332,479279.6852975932,2149331.880051976,,radar móvil,Av. Ejercito Nacional Mexicano Y ,Anatole France Direccion Poniente,≤10 m
2022,2022_479287_2149337,479287.0396629301,2149337.404308697,1,RVEM010,radar móvil,Av. Ejercito Nacional Mexicano Y ,Anatole France Direccion Poniete,2022,2023,0,2023_479287_2149337,479287.0396629301,2149337.404308697,,radar móvil,Av. Ejercito Nacional Mexicano Y ,Anatole France Direccion Poniete,≤10 m
2022,2022_479642_2140608,479642.1121701955,2140607.6775308824,1,JVEF014,radar fijo,Aun/Av. Ejército Nacional Y,Miguel De Cervantes Saavedra,2022,2023,0,2023_479642_2140608,479642.1121701955,2140607.6775308824,JVEF014 ,radar fijo,Aun/Av. Ejército Nacional Y,Miguel De Cervantes Saavedra,≤10 m
2022,2022_479708_2140605,479708.1162554607,2140605.4127016896,1,JVEF013,radar fijo,Aun/Gobernador José Ceballos Y,Av. Constituyentes,2022,2023,0,2023_479708_2140605,479708.1162554607,2140605.4127016896,JVEF013,radar fijo,Aun/Gobernador José Ceballos Y,Av. Constituyentes,≤10 m
2022,2022_480032_2138962,480032.4562703695,2138961.7284793,1,RVEM011,radar móvil,Av. Revolución Y ,Calle Rafael Checa,2022,2023,0,2023_480032_2138962,480032.4562703695,2138961.7284793,,radar móvil,Av. Revolución Y ,Calle Rafael Checa,≤10 m
2022,2022_480140_2141035,480140.17624916753,2141035.1306192167,1,JFCF028,radar fijo,Av. Marina Nacional Y,Felipe Carrillo Puerto,2022,2023,0,2023_480140_2141035,480140.17624916753,2141035.1306192167,JFCF028,radar fijo,Av. Marina Nacional Y,Felipe Carrillo Puerto,≤10 m
2022,2022_480522_2150855,480521.5908068836,2150854.5661406014,1,RVEF002,radar fijo,Fray Servando Teresa De Mier Y ,Cucurpe,2022,2023,541.9196633106467,2023_480852_2150425,480852.4829398144,2150425.3956408612,JFCF035,radar fijo,Eje 5 Sur Y ,Anillo Periférico Oriente,>100 m
2022,2022_480661_2145978,480660.9939688194,2145978.3235605294,2,BCFC002 | BFCF001,radar fijo,José María Izazaga Y,José María Pino Suárez,2022,2023,0,2023_480661_2145978,480660.9939688194,2145978.3235605294,BCFC002 | BFCF001,radar fijo,José María Izazaga Y,José María Pino Suárez,≤10 m
2022,2022_480852_2150425,480852.4829398144,2150425.3956408612,2,JFCF027 | JFCF035,radar fijo,Av. Ejército Nacional Mexicano Y,Anillo Periférico Boulevard Manuel Ávila Camacho,2022,2023,0,2023_480852_2150425,480852.4829398144,2150425.3956408612,JFCF035,radar fijo,Eje 5 Sur Y ,Anillo Periférico Oriente,≤10 m
2022,2022_481022_2139189,481021.8847857099,2139189.386674418,1,JFCF024,radar fijo,Eje 3 Oriente Ing. Edurado Molina Y,Eje 5 Norte San Juan De Aragón,2022,2023,65.91411792284913,2023_481081_2139219,481080.8376463651,2139218.869400922,BFCF007 | BFCF008 | BFCF021,radar fijo,Insurgentes Buenavista Y,Eje 1 Norte,50–100 m
2022,2022_481081_2139219,481080.8376463651,2139218.869400922,3,BFCF007 | BFCF008 | BFCF021,radar fijo,Insurgentes Buenavista ,Y Eje 1 Norte,2022,2023,0,2023_481081_2139219,481080.8376463651,2139218.869400922,BFCF007 | BFCF008 | BFCF021,radar fijo,Insurgentes Buenavista Y,Eje 1 Norte,≤10 m
2022,2022_481509_2145758,481508.7829218684,2145757.569784808,1,,radar móvil,Eje 3 Sur Av. Baja California Y,Choapan Direccion Poniente,2022,2023,0,2023_481509_2145758,481508.7829218684,2145757.569784808,,radar móvil,Eje 3 Sur Av. Baja California Y,Choapan Direccion Poniente,≤10 m
2022,2022_481586_2147707,481586.4658871726,2147706.6487749,1,VVEF032,radar fijo,Viaducto Río De La Piedad Y,Primero De Mayo,2022,2023,305.0128411636359,2023_481774_2147466,481774.2660470466,2147466.307490003,003-SSC-CUH-FC-124.22,radar fijo,Burdeos,Leija,>100 m
2022,2022_481657_2148412,481657.30843529844,2148411.6606288855,1,JFCF018,radar fijo,Calz. Gral. Ignacio Zaragoza Y,Circuito Bicentenario Boulevard Puerto Aéreo,2022,2023,952.5605703267051,2023_481774_2147466,481774.2660470466,2147466.307490003,003-SSC-CUH-FC-124.22,radar fijo,Burdeos,Leija,>100 m
2022,2022_481740_2147456,481740.3255781062,2147456.3054555757,1,BFCF026,radar fijo,Chapultepec-Sonora Y,Lieja,2022,2023,35.38355726284576,2023_481774_2147466,481774.2660470466,2147466.307490003,003-SSC-CUH-FC-124.22,radar fijo,Burdeos,Leija,25–50 m
2022,2022_482100_2139072,482099.5930145589,2139072.4395822664,1,,radar móvil,Miguel Angel De Quevedo Y ,Calle Delta,2022,2023,0,2023_482100_2139072,482099.5930145589,2139072.4395822664,,radar móvil,Miguel Angel De Quevedo Y ,Calle Delta,≤10 m
2022,2022_482101_2139070,482100.64114490343,2139070.2255005813,1,,radar móvil,Alfredo Robles Dominguez Sentido Poniente ,-,2022,2023,0,2023_482101_2139070,482100.64114490343,2139070.2255005813,,radar móvil,Alfredo Robles Dominguez Sentido Poniente ,-,≤10 m
2022,2022_482101_2139071,482100.6422351752,2139071.3320239643,1,,radar móvil,Miguel Ángel De Quevedo Y ,Calle Delta Dirección Oriente,2022,2023,0,2023_482101_2139071,482100.6422351752,2139071.3320239643,,radar móvil,Miguel Ángel De Quevedo Y ,Calle Delta Dirección Oriente,≤10 m
2022,2022_482120_2152878,482119.53538082755,2152877.513607224,1,RVEM005,radar móvil,Eje 3 Norte Av. Cuitlahuac Y  ,Calle Piñon Sentido Poniente,2022,2023,0,2023_482120_2152878,482119.53538082755,2152877.513607224,,radar móvil,Eje 3 Norte Av. Cuitlahuac Y  ,Calle Piñon Sentido Poniente,≤10 m
2022,2022_482638_2149909,482638.28820150794,2149909.2727574455,1,RVEM004,radar móvil,Ribera De San Cosme Y,Virginia Fabregas Direccion Oriente,2022,2023,0,2023_482638_2149909,482638.28820150794,2149909.2727574455,,radar móvil,Ribera De San Cosme Y,Virginia Fabregas Direccion Oriente,≤10 m
2022,2022_483134_2157480,483133.6831731268,2157479.8608000493,1,RVEF023,radar fijo,Eje 2 Nte. Manuel González Y,Calle General Ignacio Zaragoza,2022,2023,0,2023_483134_2157480,483133.6831731268,2157479.8608000493,RVEF023,radar fijo,Eje 2 Nte. Manuel González Y,Calle General Ignacio Zaragoza,≤10 m
2022,2022_483154_2149748,483153.53269181866,2149748.3373035477,1,,radar móvil,Av. Ribera De San Cosme Sentido Poniente  ,-,2022,2023,0,2023_483154_2149748,483153.53269181866,2149748.3373035477,,radar móvil,Av. Ribera De San Cosme Sentido Poniente  ,-,≤10 m
2022,2022_483252_2149723,483252.1801188704,2149722.7952807476,1,RVEM008,radar móvil,Ribera De San Cosme Y ,Jaime Torres Bodet Sentido Poniente,2022,2023,0,2023_483252_2149723,483252.1801188704,2149722.7952807476,,radar móvil,Ribera De San Cosme Y ,Jaime Torres Bodet Sentido Poniente,≤10 m
2022,2022_483252_2150323,483252.4215946765,2150322.9801209937,1,VVEF001,radar fijo,Av. 608 Y ,Av. 508,2022,2023,0,2023_483252_2150323,483252.4215946765,2150322.9801209937,VVEF001 ,radar fijo,Av. 608 Y,Av.508,≤10 m
2022,2022_483325_2153247,483324.71583814407,2153247.3819637955,1,VVEF031,radar fijo,Av. Constituyentes Y ,Camino De Los Toros,2022,2023,67.03735466718271,2023_483259_2153236,483258.58781177,2153236.377825999,023-SSC-AZC-FC-124.182,radar fijo,Calle C,Calle B,50–100 m
2022,2022_483655_2149947,483655.46545055846,2149947.0526854345,1,,radar móvil,Av. Revolucion  Sentido Norte ,-,2022,2023,0,2023_483655_2149947,483655.46545055846,2149947.0526854345,,radar móvil,Av. Revolucion  Sentido Norte ,-,≤10 m
2022,2022_483656_2149563,483656.16782172455,2149563.084271439,1,,radar móvil,Ribera De San Cosme Y ,Puente De Alvarado Sentido Oriente,2022,2023,0,2023_483656_2149563,483656.16782172455,2149563.084271439,,radar móvil,Ribera De San Cosme Y ,Puente De Alvarado Sentido Oriente,≤10 m
2022,2022_483990_2138835,483989.94424220757,2138834.9857656844,1,RVEM012,radar móvil,Miguel Angel De Quevedo Y,Calle Inglaterra Direccion Oriente,2022,2023,0,2023_483990_2138835,483989.94424220757,2138834.9857656844,,radar móvil,Miguel Angel De Quevedo Y,Calle Inglaterra Direccion Oriente,≤10 m
2022,2022_484080_2157090,484079.96506656124,2157090.1927551692,1,VVEF003,radar fijo,Circuito Bicentenario Instituto Técnico Industrial Y ,Calle Eligio Ancona,2022,2023,54.51165532901145,2023_484082_2157036,484082.4456469119,2157035.7375691184,029-SSC-GAM-FC-124.230,radar fijo,Margarita Maza De Juárez,Av. Miguel Othon De Mendizabal Ote.,50–100 m
2022,2022_484232_2155535,484231.93223760696,2155534.636712037,1,RVEF008,radar fijo,Eje 1 Nte. José Antonio Alzáte Y ,Naranjo,2022,2023,0,2023_484232_2155535,484231.93223760696,2155534.636712037,RVEF008,radar fijo,Eje 1 Nte. José Antonio Alzáte Y ,Naranjo,≤10 m
2022,2022_484311_2145854,484311.3241975992,2145853.5162685877,3,BCFC003 | BFCF017 | BFCF018,radar fijo,Eje 3 Sur (Dr. Morones Prieto) Y,Dr. José Ma. Vértiz,2022,2023,0,2023_484311_2145854,484311.3241975992,2145853.5162685877,BFCF003 | BFCF017 | BFCF018,radar fijo,Eje 3 Sur (Dr. Morones Prieto) Y,Dr. José Ma. Vértiz,≤10 m
2022,2022_484638_2151351,484638.4048130572,2151350.970706135,1,VVEF006,radar fijo,Circuito Bicentenario Av. Río Consulado Y,Avenida Congreso De La Unión,2022,2023,0,2023_484638_2151351,484638.4048130572,2151350.970706135,VVEF006,radar fijo,Circuito Bicentenario Av. Río Consulado Y,Avenida Congreso De La Unión,≤10 m
2022,2022_484776_2151318,484775.7907100563,2151318.2889615246,1,JFCF010,radar fijo,Eje 4 Pte. Av. Revolución Y ,Av. Barranca Del Muerto,2022,2023,0,2023_484776_2151318,484775.7907100563,2151318.2889615246,JFCF010,radar fijo,Eje 4 Pte. Av. Revolución Y,Av. Barranca Del Muerto,≤10 m
2022,2022_484811_2152819,484810.5988130709,2152818.746455701,1,RVEF034,radar fijo,Av. Revolución Y,Calle 13,2022,2023,0,2023_484811_2152819,484810.5988130709,2152818.746455701,RVEF034,radar fijo,Av. Revolución Y,Calle 13,≤10 m
2022,2022_484814_2145882,484813.62861509604,2145881.747092912,1,RVEF021,radar fijo,Av. Insurgentes Nte. Y ,Pte. 112,2022,2023,125.82568451797175,2023_484813_2145756,484812.7881259865,2145755.9242155706,009-SSC-CUH-EV-124.70,radar fijo,José Peón Contreras,Toribio Medina,>100 m
2022,2022_484877_2150049,484877.45224910794,2150048.9073517825,1,VVEF008,radar fijo,Av. Oceanía Y,Pablo R. Sidar,2022,2023,0,2023_484877_2150049,484877.45224910794,2150048.9073517825,VVEF008,radar fijo,Av. Oceanía Y ,Pablo R. Sidar,≤10 m
2022,2022_484972_2154684,484972.4556793939,2154683.6605248,1,VVEF033,radar fijo,Av. Chapultepec Y,Guaymas,2022,2023,29.967357031614576,2023_484953_2154706,484952.7772225956,2154706.261428001,033-SSC-GAM-EV-119.6,radar fijo,Boyaca,Salama,25–50 m
2022,2022_485107_2148035,485106.8579642713,2148035.2566221436,1,JFCF022,radar fijo,Eje Central Lázaro Cárdenas Y,Avenida Hidalgo,2022,2023,0,2023_485107_2148035,485106.8579642713,2148035.2566221436,JFCF022,radar fijo,Eje Central Lázaro Cárdenas Y ,Avenida Hidalgo,≤10 m
2022,2022_485181_2145907,485180.8785617652,2145907.1585194245,1,VVEF005,radar fijo,Av. Ejército Nacional Y,Calle Luis Vives,2022,2023,0,2023_485181_2145907,485180.8785617652,2145907.1585194245,VVEF005,radar fijo,Av. Ejército Nacional Y,Calle Luis Vives,≤10 m
2022,2022_485231_2149068,485231.188506412,2149067.9707175293,1,RVEF007,radar fijo,Eje 3 Sur José Peón Contreras Y,José María Bustillos,2022,2023,899.7719734078242,2023_485399_2149952,485398.883502703,2149951.977500506,BFCF019,radar fijo,Eje 1 Poniente Guerrero Y ,Eje 2 Norte Manuel González,>100 m
2022,2022_485304_2149977,485304.2230727506,2149977.393897573,3,BFCF005 | BFCF006 | BFCF016,radar fijo,Eje 1 Norte Mosqueta - Paseo De La Reforma Y ,Eje Central Lázaro Cárdenas,2022,2023,0,2023_485304_2149977,485304.2230727506,2149977.393897573,BFCF005 | BFCF006 | BFCF016,radar fijo,Eje 1 Norte Mosqueta - Paseo De La Reforma Y,Eje Central Lázaro Cárdenas,≤10 m
2022,2022_485311_2137210,485311.3676919761,2137210.303271821,1,RVEF012,radar fijo,Circuito Bicentenario Av. Río Consulado Y,Cantón,2022,2023,0,2023_485311_2137210,485311.3676919761,2137210.303271821,RVEF012,radar fijo,Circuito Bicentenario Av. Río Consulado Y ,Cantón,≤10 m
2022,2022_485362_2136175,485361.62667267147,2136174.8585717916,1,,radar móvil,Calzada De Tlalpan Y ,Calle Elvira Dirección Norte,2022,2023,0,2023_485362_2136175,485361.62667267147,2136174.8585717916,,radar móvil,Calzada De Tlalpan Y ,Calle Elvira Dirección Norte,≤10 m
2022,2022_485367_2143347,485367.4071642836,2143347.3398127854,1,RVEM007,radar móvil,Calzada De Tlalpan Y,Calle Elvira Direccion Norte,2022,2023,0,2023_485367_2143347,485367.4071642836,2143347.3398127854,,radar móvil,Calzada De Tlalpan Y,Calle Elvira Direccion Norte,≤10 m
2022,2022_485399_2149952,485398.883502703,2149951.977500506,1,BFCF019,radar fijo,Eje 1 Poniente Guerrero Y,Eje 2 Norte Manuel González,2022,2023,0,2023_485399_2149952,485398.883502703,2149951.977500506,BFCF019,radar fijo,Eje 1 Poniente Guerrero Y ,Eje 2 Norte Manuel González,≤10 m
2022,2022_485473_2150577,485473.0737431347,2150577.1100179497,2,JFCF007 | JFCF015,radar fijo,Eje Central Lázaro Cárdenas Y,Av. Ricardo Flores Magón,2022,2023,0,2023_485473_2150577,485473.0737431347,2150577.1100179497,JFCF007,radar fijo,Eje Central Lázaro Cárdenas Y,Av. Ricardo Flores Magón,≤10 m
2022,2022_485488_2151148,485487.5978079811,2151148.0707825944,1,JFCF029,radar fijo,Eje Central Y,Margarita Maza De Juárez,2022,2023,47.83213243072261,2023_485530_2151127,485530.3417181585,2151126.602875486,024-SSC-CUH-FC-124.190,radar fijo,Esq. Eje Central,Florencio Constantino,25–50 m
2022,2022_485489_2151242,485489.24798943463,2151242.3463323778,1,RVEM001,radar móvil,Eje 2 Norte Manuel Gonzalez Y,Calle Lerdo Dirección Poniente,2022,2023,0,2023_485489_2151242,485489.24798943463,2151242.3463323778,,radar móvil,Eje 2 Norte Manuel Gonzalez Y,Calle Lerdo Dirección Poniente,≤10 m
2022,2022_485570_2138562,485569.51990425173,2138561.7899608333,1,JFCF013,radar fijo,José María Izazaga Y,Eje Central Lázaro Cárdenas,2022,2023,0,2023_485570_2138562,485569.51990425173,2138561.7899608333,JFCF013,radar fijo,José María Izazaga Y ,Eje Central Lázaro Cárdenas,≤10 m
2022,2022_485571_2138579,485571.42404542194,2138578.8288904596,1,JFCF012,radar fijo,Eje 1 Ote. Andrés Molina Enríquez Y,Eje 5 Sur Playa Villa Del Mar,2022,2023,0,2023_485571_2138579,485571.42404542194,2138578.8288904596,JFCF012,radar fijo,Eje 1 Ote. Andrés Molina Enríquez Y ,Eje 5 Sur Playa Villa Del Mar,≤10 m
2022,2022_485616_2150175,485616.13453553186,2150174.6593402987,1,RVEF016,radar fijo,Eje 5 Av. Montevideo Y,Pulacayo,2022,2023,0,2023_485616_2150175,485616.13453553186,2150174.6593402987,RVEF016,radar fijo,Eje 5 Av. Montevideo Y,Pulacayo,≤10 m
2022,2022_485940_2154187,485939.93392621673,2154186.928864645,1,VVEF007,radar fijo,Av. Paseo De La Reforma E,Ignacio Allende,2022,2023,0,2023_485940_2154187,485939.93392621673,2154186.928864645,VVEF007,radar fijo,Av. Paseo De La Reforma E,Ignacio Allende,≤10 m
2022,2022_485940_2154861,485940.14490418363,2154861.032610049,1,RVEF030,radar fijo,Av. Paseo De La Reforma Y,Estela De Luz,2022,2023,0,2023_485940_2154861,485940.14490418363,2154861.032610049,RVEF030,radar fijo,Av. Paseo De La Reforma Y,Estela De Luz,≤10 m
2022,2022_485983_2155183,485983.1058379334,2155183.2236255654,2,BFCF010 | BFCF011,radar fijo,Av. Instituto Politécnico Nacional ,Y Eje 5 Nte Montevideo,2022,2023,0,2023_485983_2155183,485983.1058379334,2155183.2236255654,BFCF010 | BFCF011,radar fijo,Av. Instituto Politécnico Nacional Y,Eje 5 Nte Montevideo,≤10 m
2022,2022_486046_2147961,486046.46831689065,2147960.8121739198,2,BFCF030 | BFCF031,radar fijo,Eje 9 Sur Miguel Ángel De Quevedo Y,Av. Universidad,2022,2023,0,2023_486046_2147961,486046.46831689065,2147960.8121739198,BFCF030 | BFCF031,radar fijo,Eje 9 Sur Miguel Ángel De Quevedo Y,Av. Universidad,≤10 m
2022,2022_486112_2148522,486111.98636422044,2148521.663106274,1,JFCF021,radar fijo,Av. Cuitláhuac Y ,Av. Jardín,2022,2023,564.6648411654305,2023_486046_2147961,486046.46831689065,2147960.8121739198,BFCF030 | BFCF031,radar fijo,Eje 9 Sur Miguel Ángel De Quevedo Y,Av. Universidad,>100 m
2022,2022_486230_2147701,486230.08932339784,2147700.636394946,2,BFCF004 | BFCF035,radar fijo,Circuito Bicentenario Maestro José Vasconcelos Y ,Av. Benjamín Franklin,2022,2023,0,2023_486230_2147701,486230.08932339784,2147700.636394946,BFCF035,radar fijo,Circuito Bicentenario Maestro José Vasconcelos Y,Av. Benjamín Franklin,≤10 m
2022,2022_486356_2142560,486355.65886277374,2142560.381817535,1,JFCF006,radar fijo,Eje 6 Sur Playa Pie De La Cuesta Y,Eje 1 Ote. Andrés Molina Enríquez,2022,2023,0,2023_486356_2142560,486355.65886277374,2142560.381817535,JFCF006,radar fijo,Eje 6 Sur Playa Pie De La Cuesta Y ,Eje 1 Ote. Andrés Molina Enríquez,≤10 m
2022,2022_486402_2143035,486402.21949799213,2143034.936048268,1,JFCF026,radar fijo,Av. Aquiles Serdán Y,Av. Tezozomoc,2022,2023,476.832895948236,2023_486356_2142560,486355.65886277374,2142560.381817535,JFCF006,radar fijo,Eje 6 Sur Playa Pie De La Cuesta Y ,Eje 1 Ote. Andrés Molina Enríquez,>100 m
2022,2022_486414_2151409,486414.07463639276,2151408.7136609536,1,RVEM002,radar móvil,Calzada De Los Misterios Y ,Calle Arrigo Boito Dirección Sur,2022,2023,0,2023_486414_2151409,486414.07463639276,2151408.7136609536,,radar móvil,Calzada De Los Misterios Y ,Calle Arrigo Boito Dirección Sur,≤10 m
2022,2022_486887_2152669,486887.2027161789,2152668.819478079,4,BFCF014 | BFCF029 | BFCF033 | BFCF034,radar fijo,Calzada De Misterios Y,Eje 3 Nte Av. Alfredo Robles Domínguez,2022,2023,0,2023_486887_2152669,486887.2027161789,2152668.819478079,BFCF014 | BFCF029 | BFCF033 | BFCF034,radar fijo,Calzada De Misterios Y,Eje 3 Nte Av. Alfredo Robles Domínguez,≤10 m
2022,2022_486906_2150856,486905.7239654484,2150856.4105014415,4,BFCF022 | BFCF023 | BFCF024 | BFCF025,radar fijo,"Eje 1 Oriente Av. Del Trabajo, Eje 2 Norte Canal Del Norte Y",Av. Circunvalación,2022,2023,0,2023_486906_2150856,486905.7239654484,2150856.4105014415,BFCF022 | BFCF023 | BFCF024 | BFCF025,radar fijo,"Eje 1 Oriente Av. Del Trabajo, Eje 2 Norte Canal Del Norte Y",Av. Circunvalación,≤10 m
2022,2022_487430_2145712,487430.19436023873,2145712.068898416,1,VVEF004,radar fijo,Eje 8 Sur Ermita Iztapalapa Y,Rocío,2022,2023,0,2023_487430_2145712,487430.19436023873,2145712.068898416,VVEF011,radar fijo,Viaducto Río De La Piedad Y ,1Ro. De Mayo,≤10 m
2022,2022_487941_2130256,487940.93806018686,2130256.2070857864,2,JFCF008 | JFCF025,radar fijo,Av. Guadalupe I. Ramírez Y,Prol. División Del Norte,2022,2023,13.231746267487523,2023_487928_2130260,487928.17292815534,2130259.689974459,018-SSC-XOC-FC-124.142,radar fijo,Prol. División Del Norte,And. Tabachines,10–25 m
2022,2022_489734_2153791,489734.3507137402,2153790.8842317862,1,JFCF020,radar fijo,Calz. Ignacio Zaragoza Y,Circuito Bicentenario Boulevard Puerto Aéreo Oriente,2022,2023,23.214637594044298,2023_489728_2153769,489728.18816007924,2153768.502490768,025-SSC-GAM-FC-124.198,radar fijo,Río Guadalupe,Eje 5 Norte,10–25 m
2022,2022_489838_2147294,489838.16025441815,2147294.033894816,1,VVEF002,radar fijo,Anillo Periférico Y,Y Embarcadero Del Parque Ecológico De Xochimilco,2022,2023,0,2023_489838_2147294,489838.16025441815,2147294.033894816,VVEF002,radar fijo,Anillo Periférico Y,Embarcadero Del Parque Ecológico De Xochimilco,≤10 m
2022,2022_489936_2147296,489935.5857564855,2147295.9711870383,1,RVEF011,radar fijo,Eje Central Lázaro Cárdenas,Y Fortuna,2022,2023,40.077294748632504,2023_489971_2147276,489970.53428805375,2147276.3551299525,022-SSC-VCA-FC-124.174,radar fijo,Asistencia Pública,Calle 23,25–50 m
2022,2022_489953_2142872,489952.5537835009,2142872.17467813,1,JFCF011,radar fijo,Eje 3 Pte. Thiers Y,Darwin,2022,2023,0,2023_489953_2142872,489952.5537835009,2142872.17467813,JFCF011,radar fijo,Eje 3 Pte. Thiers Y ,Darwin,≤10 m
2022,2022_489954_2142799,489954.0882078002,2142798.700552957,1,JVEF010,radar fijo,Aun/Fernando Alencastre Y,Av. De Los Constituyentes,2022,2023,0,2023_489954_2142799,489954.0882078002,2142798.700552957,JVEF010,radar fijo,Aun/Fernando Alencastre Y,Av. De Los Constituyentes,≤10 m
2022,2022_490958_2149247,490957.7433004438,2149246.787605837,1,JVEF008,radar fijo,Aun/Deportivo Israelita/Ing. Zapadores Y,Av. Del Conscripto,2022,2023,0,2023_490958_2149247,490957.7433004438,2149246.787605837,JVEF008,radar fijo,Aun/Deportivo Israelita/Ing. Zapadores Y,Av. Del Conscripto,≤10 m
2022,2022_491866_2146060,491865.6707786153,2146060.003478987,1,BFCF009,radar fijo,Calz. Gral. Ignacio Zaragoza,Y Viaducto,2022,2023,0,2023_491866_2146060,491865.6707786153,2146060.003478987,BFCF009,radar fijo,Calz. Gral. Ignacio Zaragoza Y,Viaducto,≤10 m
2022,2022_492061_2136096,492060.79437148,2136095.569138875,1,JFCF001,radar fijo,Eje 4 Ote. Canal Río Churubusco Y,Canal De Apatlaco,2022,2023,3278.078935414581,2023_493953_2138772,493953.20959948323,2138772.2398529584,017-SSC-IZP-EV-124.134,radar fijo,Pensamiento,Pabellón,>100 m
2022,2022_493791_2142490,493790.9143492955,2142489.920309619,1,JFCF002,radar fijo,Eje 9 Sur Taxqueña Y ,Eje 1 Oriente Canal De Miramontes,2022,2023,0,2023_493791_2142490,493790.9143492955,2142489.920309619,JFCF002,radar fijo,Eje 9 Sur Taxqueña Y ,Eje 1 Oriente Canal De Miramontes,≤10 m
2022,2022_494069_2138759,494069.3082239816,2138759.1778475577,1,RVEF013,radar fijo,Circuito Bicentenario Calz. Melchor Ocampo Y,Nezahualpilli,2022,2023,0,2023_494069_2138759,494069.3082239816,2138759.1778475577,RVEF013,radar fijo,Circuito Bicentenario Calz. Melchor Ocampo Y,Nezahualpilli,≤10 m
2022,2022_494216_2144648,494216.08878485207,2144647.791159215,1,JVEF009,radar fijo,Aun/Gral. Juan Cabral Y ,Batalla De Celaya,2022,2023,0,2023_494216_2144648,494216.08878485207,2144647.791159215,JVEF009,radar fijo,Aun/Gral. Juan Cabral Y ,Batalla De Celaya,≤10 m
2022,2022_494838_2140914,494837.63520902366,2140914.235566915,2,JFCF009 | JFCF016,radar fijo,Eje 6 Sur Av. Luis Méndez Y,Carlos L. Gracidas,2022,2023,0,2023_494838_2140914,494837.63520902366,2140914.235566915,JFCF009 | JFCF016,radar fijo,Eje 6 Sur Av. Luis Méndez Y,Carlos L. Gracidas,≤10 m
2022,2022_495549_2143864,495548.6729013247,2143863.883962151,1,VVEF035,radar fijo,Eje 1 Nte. Mosqueta Y ,Soto,2022,2023,0,2023_495549_2143864,495548.6729013247,2143863.883962151,VVEF035,radar fijo,Eje 1 Nte. Mosqueta Y,Soto,≤10 m
2022,2022_498388_2139792,498387.6329406231,2139791.6713630906,1,JFCF003,radar fijo,Eje 1 Oriente Canal De Miramontes Y Eje 9 Sur Taxqueña Y,Cerro De Teponaxtle,2022,2023,3723.2558716893186,2023_494838_2140914,494837.63520902366,2140914.235566915,JFCF009 | JFCF016,radar fijo,Eje 6 Sur Av. Luis Méndez Y,Carlos L. Gracidas,>100 m
2023,2023_477584_2149415,477584.36504025554,2149414.9793407316,1,028-SSC-MIH-FC-124.222,radar fijo,Periférico Boulevard Manuel Ávila Camacho,Juan Racine,2023,2024,0,2024_477584_2149415,477584.36504025554,2149414.9793407316,028-SSC-MIH-FC-124.222,radar fijo,Periferico Blvrd Manuel Avila Camacho,Juan Racine,≤10 m
2023,2023_478706_2138811,478706.3346307974,2138811.0095976684,1,JVEF011,radar fijo,Aun/Calle 16 Y,Av. San Antonio,2023,2024,787.8268717164427,2024_478888_2139578,478888.02925513085,2139577.5983030945,039-SSC-AOB-EV-119.54,radar fijo,Hermenegildo Galeana,León Felipe,>100 m
2023,2023_478765_2145797,478765.0149026487,2145796.509127491,1,VVEF010 ,radar fijo,Avenida Constituyentes Y,Camino De Los Toros,2023,2024,8.239235747262013,2024_478763_2145789,478762.86372681696,2145788.555672378,072-SSC-MIH-EV-143.190,radar fijo,Sur 128,2A Privada Constituyentes,≤10 m
2023,2023_478876_2139592,478875.7153646013,2139591.7429707726,1,037-SSC-AOB-EV-119.38,radar fijo,Barranca Pilares,Rincón Atlamaya,2023,2024,0,2024_478876_2139592,478875.7153646013,2139591.7429707726,037-SSC-AOB-EV-119.38,radar fijo,Barranca Pilares,Rincón Atlamaya,≤10 m
2023,2023_478888_2139578,478888.02925513085,2139577.5983030945,1,039-SSC-AOB-EV-119.54,radar fijo,Hermenegildo Galeana,León Felipe,2023,2024,0,2024_478888_2139578,478888.02925513085,2139577.5983030945,039-SSC-AOB-EV-119.54,radar fijo,Hermenegildo Galeana,León Felipe,≤10 m
2023,2023_478913_2139601,478912.8221599009,2139601.0168050798,1,JVEF012,radar fijo,Aun/Av. Río Becerra Y,11 De Abril,2023,2024,34.104462496436724,2024_478888_2139578,478888.02925513085,2139577.5983030945,039-SSC-AOB-EV-119.54,radar fijo,Hermenegildo Galeana,León Felipe,25–50 m
2023,2023_479280_2149332,479279.6852975932,2149331.880051976,1,,radar móvil,Av. Ejercito Nacional Mexicano Y ,Anatole France Direccion Poniente,2023,2024,1697.3556688953165,2024_477584_2149415,477584.36504025554,2149414.9793407316,028-SSC-MIH-FC-124.222,radar fijo,Periferico Blvrd Manuel Avila Camacho,Juan Racine,>100 m
2023,2023_479287_2149337,479287.0396629301,2149337.404308697,1,,radar móvil,Av. Ejercito Nacional Mexicano Y ,Anatole France Direccion Poniete,2023,2024,1704.4408925789114,2024_477584_2149415,477584.36504025554,2149414.9793407316,028-SSC-MIH-FC-124.222,radar fijo,Periferico Blvrd Manuel Avila Camacho,Juan Racine,>100 m
2023,2023_479617_2155020,479616.9501869441,2155019.523240142,1,027-SSC-AZC-FC-124.214,radar fijo,Cristóbal Colón,Av. 16 De Septiembre,2023,2024,0,2024_479617_2155020,479616.9501869441,2155019.523240142,027-SSC-AZC-FC-124.214,radar fijo,Cristobal Colon,Av. 16 De Septiembre,≤10 m
2023,2023_479642_2140608,479642.1121701955,2140607.6775308824,1,JVEF014 ,radar fijo,Aun/Av. Ejército Nacional Y,Miguel De Cervantes Saavedra,2023,2024,26.49722353805867,2024_479657_2140585,479656.50682262913,2140585.4312539683,036-SSC-AOB-EV-119.30,radar fijo,Etna,Calzada De Las Águilas,25–50 m
2023,2023_479657_2140585,479656.50682262913,2140585.4312539683,1,036-SSC-AOB-EV-119.30,radar fijo,Etna,Calzada De Las Águilas,2023,2024,0,2024_479657_2140585,479656.50682262913,2140585.4312539683,036-SSC-AOB-EV-119.30,radar fijo,Etna,Calzada De Las Águilas,≤10 m
2023,2023_479664_2140578,479664.0604192804,2140578.263556931,1,038-SSC-AOB-EV-119.46,radar fijo,Calzada De Las Águilas,Cóndor,2023,2024,0,2024_479664_2140578,479664.0604192804,2140578.263556931,038-SSC-AOB-EV-119.46,radar fijo,Calzada De Las Aguilas,Cóndor,≤10 m
2023,2023_479708_2140605,479708.1162554607,2140605.4127016896,1,JVEF013,radar fijo,Aun/Gobernador José Ceballos Y,Av. Constituyentes,2023,2024,51.74932620494164,2024_479664_2140578,479664.0604192804,2140578.263556931,038-SSC-AOB-EV-119.46,radar fijo,Calzada De Las Aguilas,Cóndor,50–100 m
2023,2023_480032_2138962,480032.4562703695,2138961.7284793,1,,radar móvil,Av. Revolución Y ,Calle Rafael Checa,2023,2024,1001.6908187632462,2024_481012_2139170,481012.2019732181,2139170.253907352,050-SSC-COY-FC-119.142,radar fijo,Av. Miguel Ángel De Quevedo,Oxtopulco,>100 m
2023,2023_480140_2141035,480140.17624916753,2141035.1306192167,1,JFCF028,radar fijo,Av. Marina Nacional Y,Felipe Carrillo Puerto,2023,2024,19.479406999309976,2024_480140_2141055,480139.7774819966,2141054.6059441636,055-SSC-BEJ-FC-119.182,radar fijo,Barranca Del Muerto,José María Velasco,10–25 m
2023,2023_480154_2153182,480154.14502876386,2153181.8866764423,1,002-SSC-AZC-EV-124.14,radar fijo,Camino A Nextengo,Aquiles Elourdy,2023,2024,0,2024_480154_2153182,480154.14502876386,2153181.8866764423,002-SSC-AZC-EV-124.14,radar fijo,Camino A Nextengo,Aquiles Elourdy,≤10 m
2023,2023_480655_2146016,480654.65082818404,2146016.06310946,1,031-SSC-MIH-FC-124.246,radar fijo,General José Morán,Gral. Benjamín Hill,2023,2024,0,2024_480655_2146016,480654.65082818404,2146016.06310946,031-SSC-MIH-FC-124.246,radar fijo,General José Morán,Gral. Benjamin Hill,≤10 m
2023,2023_480661_2145978,480660.9939688194,2145978.3235605294,2,BCFC002 | BFCF001,radar fijo,José María Izazaga Y,José María Pino Suárez,2023,2024,38.268903650252746,2024_480655_2146016,480654.65082818404,2146016.06310946,031-SSC-MIH-FC-124.246,radar fijo,General José Morán,Gral. Benjamin Hill,25–50 m
2023,2023_480852_2150425,480852.4829398144,2150425.3956408612,1,JFCF035,radar fijo,Eje 5 Sur Y ,Anillo Periférico Oriente,2023,2024,59.983333813879895,2024_480820_2150476,480820.1022286831,2150475.88811438,051-SSC-MIH-FC-119.150,radar fijo,Calz. Gral. Mariano Escobedo,Lago Como,50–100 m
2023,2023_481081_2139219,481080.8376463651,2139218.869400922,3,BFCF007 | BFCF008 | BFCF021,radar fijo,Insurgentes Buenavista Y,Eje 1 Norte,2023,2024,84.10898788710696,2024_481012_2139170,481012.2019732181,2139170.253907352,050-SSC-COY-FC-119.142,radar fijo,Av. Miguel Ángel De Quevedo,Oxtopulco,50–100 m
2023,2023_481509_2145758,481508.7829218684,2145757.569784808,1,,radar móvil,Eje 3 Sur Av. Baja California Y,Choapan Direccion Poniente,2023,2024,892.3902914931117,2024_480655_2146016,480654.65082818404,2146016.06310946,031-SSC-MIH-FC-124.246,radar fijo,General José Morán,Gral. Benjamin Hill,>100 m
2023,2023_481774_2147466,481774.2660470466,2147466.307490003,1,003-SSC-CUH-FC-124.22,radar fijo,Burdeos,Leija,2023,2024,0,2024_481774_2147466,481774.2660470466,2147466.307490003,003-SSC-CUH-FC-124.22,radar fijo,Burdeos,Leija,≤10 m
2023,2023_482100_2139072,482099.5930145589,2139072.4395822664,1,,radar móvil,Miguel Angel De Quevedo Y ,Calle Delta,2023,2024,1091.7815344564897,2024_481012_2139170,481012.2019732181,2139170.253907352,050-SSC-COY-FC-119.142,radar fijo,Av. Miguel Ángel De Quevedo,Oxtopulco,>100 m
2023,2023_482101_2139070,482100.64114490343,2139070.2255005813,1,,radar móvil,Alfredo Robles Dominguez Sentido Poniente ,-,2023,2024,1093.0258517620412,2024_481012_2139170,481012.2019732181,2139170.253907352,050-SSC-COY-FC-119.142,radar fijo,Av. Miguel Ángel De Quevedo,Oxtopulco,>100 m
2023,2023_482101_2139071,482100.6422351752,2139071.3320239643,1,,radar móvil,Miguel Ángel De Quevedo Y ,Calle Delta Dirección Oriente,2023,2024,1092.9262293778918,2024_481012_2139170,481012.2019732181,2139170.253907352,050-SSC-COY-FC-119.142,radar fijo,Av. Miguel Ángel De Quevedo,Oxtopulco,>100 m
2023,2023_482120_2152878,482119.53538082755,2152877.513607224,1,,radar móvil,Eje 3 Norte Av. Cuitlahuac Y  ,Calle Piñon Sentido Poniente,2023,2024,1194.2461923543917,2024_483259_2153236,483258.58781177,2153236.377825999,023-SSC-AZC-FC-124.182,radar fijo,Calle C,Calle B,>100 m
2023,2023_482638_2149909,482638.28820150794,2149909.2727574455,1,,radar móvil,Ribera De San Cosme Y,Virginia Fabregas Direccion Oriente,2023,2024,397.83916525976184,2024_482418_2149578,482417.5325860883,2149578.300009813,064-SSC-MIH-EV-119.254,radar fijo,Nezahualpilli,Nopaltzin,>100 m
2023,2023_482792_2150998,482791.9494018213,2150997.9577649888,1,VVEF009 ,radar fijo,"Circuito Bicentenario,Instituto Técnico Industrial Y",Calle Eligio Ancona,2023,2024,32.38601964250718,2024_482790_2150966,482790.27067431953,2150965.6152829835,071-SSC-CUH-EV-143.182,radar fijo,Eligio Ancona,Segunda Cda. De La Séptima Del Nogal,25–50 m
2023,2023_483134_2157480,483133.6831731268,2157479.8608000493,1,RVEF023,radar fijo,Eje 2 Nte. Manuel González Y,Calle General Ignacio Zaragoza,2023,2024,1047.5665496355793,2024_484082_2157036,484082.4456469119,2157035.7375691184,029-SSC-GAM-FC-124.230,radar fijo,Margarita Maza De Jaurez,Av. Miguel Othon De Mendizabal Ote,>100 m
2023,2023_483154_2149748,483153.53269181866,2149748.3373035477,1,,radar móvil,Av. Ribera De San Cosme Sentido Poniente  ,-,2023,2024,585.6655005153885,2024_483247_2150326,483247.36544372834,2150326.437202495,062-SSC-CUH-EV-119.238,radar fijo,Sabino,Naranjo,>100 m
2023,2023_483252_2149723,483252.1801188704,2149722.7952807476,1,,radar móvil,Ribera De San Cosme Y ,Jaime Torres Bodet Sentido Poniente,2023,2024,603.661122474944,2024_483247_2150326,483247.36544372834,2150326.437202495,062-SSC-CUH-EV-119.238,radar fijo,Sabino,Naranjo,>100 m
2023,2023_483252_2150323,483252.4215946765,2150322.9801209937,1,VVEF001 ,radar fijo,Av. 608 Y,Av.508,2023,2024,6.125036727868692,2024_483247_2150326,483247.36544372834,2150326.437202495,062-SSC-CUH-EV-119.238,radar fijo,Sabino,Naranjo,≤10 m
2023,2023_483259_2153236,483258.58781177,2153236.377825999,1,023-SSC-AZC-FC-124.182,radar fijo,Calle C,Calle B,2023,2024,0,2024_483259_2153236,483258.58781177,2153236.377825999,023-SSC-AZC-FC-124.182,radar fijo,Calle C,Calle B,≤10 m
2023,2023_483655_2149947,483655.46545055846,2149947.0526854345,1,,radar móvil,Av. Revolucion  Sentido Norte ,-,2023,2024,350.1310900425378,2024_483921_2150175,483921.3423978433,2150174.8710980285,047-SSC-CUH-FC-119.118,radar fijo,Eje 1 Norte Mosqueta,Carlos J. Meneses,>100 m
2023,2023_483656_2149563,483656.16782172455,2149563.084271439,1,,radar móvil,Ribera De San Cosme Y ,Puente De Alvarado Sentido Oriente,2023,2024,666.7838307940226,2024_483921_2150175,483921.3423978433,2150174.8710980285,047-SSC-CUH-FC-119.118,radar fijo,Eje 1 Norte Mosqueta,Carlos J. Meneses,>100 m
2023,2023_483662_2147898,483662.2313940677,2147897.9328471995,1,VVEF012 ,radar fijo,Avenida Chapultepec Y,Guaymas,2023,2024,1389.1004821830427,2024_484293_2149135,484293.4171329021,2149135.3514153054,011-SSC-CUH-FC-124.86,radar fijo,Ignacio Mariscal,Tomas Alva Edison,>100 m
2023,2023_483990_2138835,483989.94424220757,2138834.9857656844,1,,radar móvil,Miguel Angel De Quevedo Y,Calle Inglaterra Direccion Oriente,2023,2024,1609.98018029879,2024_485569_2138521,485569.00433039136,2138520.970767858,016-SSC-COY-FC-124.126,radar fijo,Calzada Taxqueña,Cerro San Antonio,>100 m
2023,2023_484082_2157036,484082.4456469119,2157035.7375691184,1,029-SSC-GAM-FC-124.230,radar fijo,Margarita Maza De Juárez,Av. Miguel Othon De Mendizabal Ote.,2023,2024,0,2024_484082_2157036,484082.4456469119,2157035.7375691184,029-SSC-GAM-FC-124.230,radar fijo,Margarita Maza De Jaurez,Av. Miguel Othon De Mendizabal Ote,≤10 m
2023,2023_484215_2155548,484214.5770330613,2155547.908276803,1,034-SSC-GAM-EV-119.14,radar fijo,Norte 31-A,Norte 23-A,2023,2024,0,2024_484215_2155548,484214.5770330613,2155547.908276803,034-SSC-GAM-EV-119.14,radar fijo,Norte 31-A,Norte 23-A,≤10 m
2023,2023_484232_2155535,484231.93223760696,2155534.636712037,1,RVEF008,radar fijo,Eje 1 Nte. José Antonio Alzáte Y ,Naranjo,2023,2024,21.848056118460608,2024_484215_2155548,484214.5770330613,2155547.908276803,034-SSC-GAM-EV-119.14,radar fijo,Norte 31-A,Norte 23-A,10–25 m
2023,2023_484293_2149135,484293.4171329021,2149135.3514153054,1,011-SSC-CUH-FC-124.86,radar fijo,Ignacio Mariscal,Tomás Alva Edison,2023,2024,0,2024_484293_2149135,484293.4171329021,2149135.3514153054,011-SSC-CUH-FC-124.86,radar fijo,Ignacio Mariscal,Tomas Alva Edison,≤10 m
2023,2023_484311_2145854,484311.3241975992,2145853.5162685877,3,BFCF003 | BFCF017 | BFCF018,radar fijo,Eje 3 Sur (Dr. Morones Prieto) Y,Dr. José Ma. Vértiz,2023,2024,25.213990495820017,2024_484332_2145868,484331.8103208679,2145868.2153865932,046-SSC-CUH-FC-119.110,radar fijo,C. Dr. José María Vértiz,Dr. Andrade,25–50 m
2023,2023_484638_2151351,484638.4048130572,2151350.970706135,1,VVEF006,radar fijo,Circuito Bicentenario Av. Río Consulado Y,Avenida Congreso De La Unión,2023,2024,23.523130932981953,2024_484662_2151353,484661.7920169273,2151353.495856433,066-SSC-CUH-EV-143.142,radar fijo,Calz. Gral. Ignacio Zaragoza,Guerrero,10–25 m
2023,2023_484776_2151318,484775.7907100563,2151318.2889615246,1,JFCF010,radar fijo,Eje 4 Pte. Av. Revolución Y,Av. Barranca Del Muerto,2023,2024,119.31147255909777,2024_484662_2151353,484661.7920169273,2151353.495856433,066-SSC-CUH-EV-143.142,radar fijo,Calz. Gral. Ignacio Zaragoza,Guerrero,>100 m
2023,2023_484811_2152819,484810.5988130709,2152818.746455701,1,RVEF034,radar fijo,Av. Revolución Y,Calle 13,2023,2024,588.1641111026624,2024_485357_2152602,485357.1978931763,2152601.5680331606,010-SSC-GAM-EV-124.78,radar fijo,Debussy,Meyeber,>100 m
2023,2023_484813_2145756,484812.7881259865,2145755.9242155706,1,009-SSC-CUH-EV-124.70,radar fijo,José Peón Contreras,Toribio Medina,2023,2024,0,2024_484813_2145756,484812.7881259865,2145755.9242155706,009-SSC-CUH-EV-124.70,radar fijo,Jose Peon Contreras,Toribio Medina,≤10 m
2023,2023_484877_2150049,484877.45224910794,2150048.9073517825,1,VVEF008,radar fijo,Av. Oceanía Y ,Pablo R. Sidar,2023,2024,15.568397977157764,2024_484862_2150049,484861.8853962574,2150048.6880166405,073-SSC-CUH-EV-143.198,radar fijo,Soto,7A C. De Zarco,10–25 m
2023,2023_484945_2134807,484944.5167967457,2134807.4085839503,1,007-SSC-COY-EV-124.54,radar fijo,Hidalgo ,Tlamanalco,2023,2024,0,2024_484945_2134807,484944.5167967457,2134807.4085839503,007-SSC-COY-EV-124.54,radar fijo,Hidalgo ,Tlamanalco,≤10 m
2023,2023_484953_2154706,484952.7772225956,2154706.261428001,1,033-SSC-GAM-EV-119.6,radar fijo,Boyaca,Salama,2023,2024,0,2024_484953_2154706,484952.7772225956,2154706.261428001,033-SSC-GAM-EV-119.6,radar fijo,Boyaca,Salama,≤10 m
2023,2023_485107_2148035,485106.8579642713,2148035.2566221436,1,JFCF022,radar fijo,Eje Central Lázaro Cárdenas Y ,Avenida Hidalgo,2023,2024,13.990650916904817,2024_485099_2148023,485099.3422350452,2148023.456108287,058-SSC-CUH-FC-119.206,radar fijo,Eje Central Lázaro Cárdenas,Cjón. Igualdad,10–25 m
2023,2023_485112_2145898,485111.9757094823,2145898.086176029,1,032-SSC-CUH-EV-124.254,radar fijo,Simón Bolivar,José María Bustillos,2023,2024,0,2024_485112_2145898,485111.9757094823,2145898.086176029,032-SSC-CUH-EV-124.254,radar fijo,Simon Bolivar,Jose Maria Bustillos,≤10 m
2023,2023_485181_2145907,485180.8785617652,2145907.1585194245,1,VVEF005,radar fijo,Av. Ejército Nacional Y,Calle Luis Vives,2023,2024,69.49755727650039,2024_485112_2145898,485111.9757094823,2145898.086176029,032-SSC-CUH-EV-124.254,radar fijo,Simon Bolivar,Jose Maria Bustillos,50–100 m
2023,2023_485304_2149977,485304.2230727506,2149977.393897573,3,BFCF005 | BFCF006 | BFCF016,radar fijo,Eje 1 Norte Mosqueta - Paseo De La Reforma Y,Eje Central Lázaro Cárdenas,2023,2024,42.71526809825151,2024_485262_2149977,485261.51122574264,2149976.853292474,045-SSC-CUH-FC-119.102,radar fijo,Av. Paseo De La Reforma,C. De Galeana,25–50 m
2023,2023_485311_2137210,485311.3676919761,2137210.303271821,1,RVEF012,radar fijo,Circuito Bicentenario Av. Río Consulado Y ,Cantón,2023,2024,971.3689397883452,2024_485482_2136254,485482.4633322804,2136254.121333561,006-SSC-COY-EV-124.46,radar fijo,Benito Juarez ,Caliz,>100 m
2023,2023_485357_2152602,485357.1978931763,2152601.5680331606,1,010-SSC-GAM-EV-124.78,radar fijo,Debussy,Meyeber,2023,2024,0,2024_485357_2152602,485357.1978931763,2152601.5680331606,010-SSC-GAM-EV-124.78,radar fijo,Debussy,Meyeber,≤10 m
2023,2023_485362_2136175,485361.62667267147,2136174.8585717916,1,,radar móvil,Calzada De Tlalpan Y ,Calle Elvira Dirección Norte,2023,2024,144.513264819358,2024_485482_2136254,485482.4633322804,2136254.121333561,006-SSC-COY-EV-124.46,radar fijo,Benito Juarez ,Caliz,>100 m
2023,2023_485367_2143347,485367.4071642836,2143347.3398127854,1,,radar móvil,Calzada De Tlalpan Y,Calle Elvira Direccion Norte,2023,2024,1057.3087209913156,2024_486389_2143076,486389.33441862516,2143076.1085123825,057-SSC-IZT-FC-119.198,radar fijo,Playa Villa Del Mar,Playa Roqueta,>100 m
2023,2023_485399_2149952,485398.883502703,2149951.977500506,1,BFCF019,radar fijo,Eje 1 Poniente Guerrero Y ,Eje 2 Norte Manuel González,2023,2024,52.53147908757641,2024_485364_2149991,485363.5933070304,2149990.889688629,042-SSC-CUH-FC-119.78,radar fijo,Eje 1 Norte,Jaime Nuno,50–100 m
2023,2023_485473_2150577,485473.0737431347,2150577.1100179497,1,JFCF007,radar fijo,Eje Central Lázaro Cárdenas Y,Av. Ricardo Flores Magón,2023,2024,552.4690230653115,2024_485530_2151127,485530.3417181585,2151126.602875486,024-SSC-CUH-FC-124.190,radar fijo,Esq. Eje Central,Florencio Constantino,>100 m
2023,2023_485482_2136254,485482.4633322804,2136254.121333561,1,006-SSC-COY-EV-124.46,radar fijo,Benito Juárez,Caliz,2023,2024,0,2024_485482_2136254,485482.4633322804,2136254.121333561,006-SSC-COY-EV-124.46,radar fijo,Benito Juarez ,Caliz,≤10 m
2023,2023_485489_2151242,485489.24798943463,2151242.3463323778,1,,radar móvil,Eje 2 Norte Manuel Gonzalez Y,Calle Lerdo Dirección Poniente,2023,2024,122.82199458436273,2024_485530_2151127,485530.3417181585,2151126.602875486,024-SSC-CUH-FC-124.190,radar fijo,Esq. Eje Central,Florencio Constantino,>100 m
2023,2023_485530_2151127,485530.3417181585,2151126.602875486,1,024-SSC-CUH-FC-124.190,radar fijo,Esq. Eje Central,Florencio Constantino,2023,2024,0,2024_485530_2151127,485530.3417181585,2151126.602875486,024-SSC-CUH-FC-124.190,radar fijo,Esq. Eje Central,Florencio Constantino,≤10 m
2023,2023_485569_2138521,485569.00433039136,2138520.970767858,1,016-SSC-COY-FC-124.126,radar fijo,Calzada Taxqueña,Cerro San Antonio,2023,2024,0,2024_485569_2138521,485569.00433039136,2138520.970767858,016-SSC-COY-FC-124.126,radar fijo,Calzada Taxqueña,Cerro San Antonio,≤10 m
2023,2023_485570_2138562,485569.51990425173,2138561.7899608333,1,JFCF013,radar fijo,José María Izazaga Y ,Eje Central Lázaro Cárdenas,2023,2024,40.82244886774659,2024_485569_2138521,485569.00433039136,2138520.970767858,016-SSC-COY-FC-124.126,radar fijo,Calzada Taxqueña,Cerro San Antonio,25–50 m
2023,2023_485571_2138579,485571.42404542194,2138578.8288904596,1,JFCF012,radar fijo,Eje 1 Ote. Andrés Molina Enríquez Y ,Eje 5 Sur Playa Villa Del Mar,2023,2024,47.94154925568569,2024_485619_2138577,485619.3177924703,2138576.688530979,052-SSC-COY-FC-119.158,radar fijo,Canal De Miramontes,Cerro De La Juvencia,25–50 m
2023,2023_485616_2150175,485616.13453553186,2150174.6593402987,1,RVEF016,radar fijo,Eje 5 Av. Montevideo Y,Pulacayo,2023,2024,312.327323440937,2024_485364_2149991,485363.5933070304,2149990.889688629,042-SSC-CUH-FC-119.78,radar fijo,Eje 1 Norte,Jaime Nuno,>100 m
2023,2023_485937_2154842,485936.667357447,2154842.390125334,1,020-SSC-GAM-FC-124.158,radar fijo,Colector 13,Av. Ricarte,2023,2024,0,2024_485937_2154842,485936.667357447,2154842.390125334,020-SSC-GAM-FC-124.158,radar fijo,Colector 13,Av Ricarte,≤10 m
2023,2023_485940_2154187,485939.93392621673,2154186.928864645,1,VVEF007,radar fijo,Av. Paseo De La Reforma E,Ignacio Allende,2023,2024,629.9920978783402,2024_486060_2153568,486059.6368247859,2153568.4134974442,035-SSC-GAM-EV-119.22,radar fijo,Pte 112,Pte. 116,>100 m
2023,2023_485940_2154861,485940.14490418363,2154861.032610049,1,RVEF030,radar fijo,Av. Paseo De La Reforma Y,Estela De Luz,2023,2024,18.9640598939786,2024_485937_2154842,485936.667357447,2154842.390125334,020-SSC-GAM-FC-124.158,radar fijo,Colector 13,Av Ricarte,10–25 m
2023,2023_485983_2155183,485983.1058379334,2155183.2236255654,2,BFCF010 | BFCF011,radar fijo,Av. Instituto Politécnico Nacional Y,Eje 5 Nte Montevideo,2023,2024,19.759739581548565,2024_486000_2155173,485999.89824127586,2155172.8090925314,044-SSC-GAM-FC-119.94,radar fijo,Av. Montevideo ,Manizales,10–25 m
2023,2023_486046_2147961,486046.46831689065,2147960.8121739198,2,BFCF030 | BFCF031,radar fijo,Eje 9 Sur Miguel Ángel De Quevedo Y,Av. Universidad,2023,2024,302.1810528284028,2024_486201_2147701,486200.53734155255,2147700.858092728,041-SSC-CUH-FC-119.70,radar fijo,Xocongo,San Antonio Abad,>100 m
2023,2023_486060_2153568,486059.6368247859,2153568.4134974442,1,035-SSC-GAM-EV-119.22,radar fijo,Pte. 112,Pte. 116,2023,2024,0,2024_486060_2153568,486059.6368247859,2153568.4134974442,035-SSC-GAM-EV-119.22,radar fijo,Pte 112,Pte. 116,≤10 m
2023,2023_486230_2147701,486230.08932339784,2147700.636394946,1,BFCF035,radar fijo,Circuito Bicentenario Maestro José Vasconcelos Y,Av. Benjamín Franklin,2023,2024,29.55281341752221,2024_486201_2147701,486200.53734155255,2147700.858092728,041-SSC-CUH-FC-119.70,radar fijo,Xocongo,San Antonio Abad,25–50 m
2023,2023_486356_2142560,486355.65886277374,2142560.381817535,1,JFCF006,radar fijo,Eje 6 Sur Playa Pie De La Cuesta Y ,Eje 1 Ote. Andrés Molina Enríquez,2023,2024,11.343321279897715,2024_486344_2142561,486344.31787029584,2142560.6116593834,053-SSC-IZT-FC-119.166,radar fijo,Playa Caleta,Av. Andrés Molina Enriquez,10–25 m
2023,2023_486414_2151409,486414.07463639276,2151408.7136609536,1,,radar móvil,Calzada De Los Misterios Y ,Calle Arrigo Boito Dirección Sur,2023,2024,64.45933316683316,2024_486406_2151345,486406.269955735,2151344.7285643127,077-SSC-CUH-EV-143.225,radar fijo,Berlioz,Arrigo Boito,50–100 m
2023,2023_486887_2152669,486887.2027161789,2152668.819478079,4,BFCF014 | BFCF029 | BFCF033 | BFCF034,radar fijo,Calzada De Misterios Y,Eje 3 Nte Av. Alfredo Robles Domínguez,2023,2024,20.31446749475844,2024_486888_2152689,486888.3509382087,2152689.1014694944,049-SSC-GAM-FC-119.134,radar fijo,Av. Ing. Alfredo Robles Dominguez,Progreso,10–25 m
2023,2023_486906_2150856,486905.7239654484,2150856.4105014415,4,BFCF022 | BFCF023 | BFCF024 | BFCF025,radar fijo,"Eje 1 Oriente Av. Del Trabajo, Eje 2 Norte Canal Del Norte Y",Av. Circunvalación,2023,2024,36.58793091147497,2024_486909_2150893,486908.66836475744,2150892.8797652274,048-SSC-VCA-FC-119.126,radar fijo,Av. Canal Del Norte,Aluminio,25–50 m
2023,2023_487430_2145712,487430.19436023873,2145712.068898416,1,VVEF011,radar fijo,Viaducto Río De La Piedad Y ,1Ro. De Mayo,2023,2024,1773.8738568568135,2024_487605_2147477,487605.4703915539,2147477.262024645,030-SSC-VCA-EV-124.238,radar fijo, Congreso De La Union,Sur 103,>100 m
2023,2023_487605_2147477,487605.4703915539,2147477.262024645,1,030-SSC-VCA-EV-124.238,radar fijo,Congreso De La Unión,Sur 103,2023,2024,0,2024_487605_2147477,487605.4703915539,2147477.262024645,030-SSC-VCA-EV-124.238,radar fijo, Congreso De La Union,Sur 103,≤10 m
2023,2023_487928_2130260,487928.17292815534,2130259.689974459,1,018-SSC-XOC-FC-124.142,radar fijo,Prol. División Del Norte,And. Tabachines,2023,2024,0,2024_487928_2130260,487928.17292815534,2130259.689974459,018-SSC-XOC-FC-124.142,radar fijo,Prol. División Del Norte,And. Tabachines,≤10 m
2023,2023_488720_2142110,488719.8637480818,2142110.1828828044,1,019-SSC-IZP-EV-124.150,radar fijo,Esq. Eje 6 Sur Trabajadoras Sociales,Geografos,2023,2024,0,2024_488720_2142110,488719.8637480818,2142110.1828828044,019-SSC-IZP-EV-124.150,radar fijo,Esq. Eje 6 Sur Trabajadoras Sociales,Geografos,≤10 m
2023,2023_489192_2148649,489192.2314362317,2148649.1453568065,1,012-SSC-VCA-FC-124.94,radar fijo,Ote. 144,Ote. 146,2023,2024,0,2024_489192_2148649,489192.2314362317,2148649.1453568065,012-SSC-VCA-FC-124.94,radar fijo,Ote. 144,Ote.146,≤10 m
2023,2023_489273_2133437,489272.9238442253,2133436.778496281,1,004-SSC-XOC-FC-124.30,radar fijo,Cto. Cuemanco Nte.,Antiguo Canal De Cuemanco,2023,2024,0,2024_489273_2133437,489272.9238442253,2133436.778496281,004-SSC-XOC-FC-124.30,radar fijo,Cto. Cuemanco Nte,Antiguo Canal De Cuemanco,≤10 m
2023,2023_489714_2153903,489714.32828145596,2153903.308777987,1,014-SSC-GAM-FC-124.110,radar fijo,Río Guadalupe,Eje 5 Norte,2023,2024,0,2024_489714_2153903,489714.32828145596,2153903.308777987,014-SSC-GAM-FC-124.110,radar fijo,Rio Guadalupe,Eje 5 Norte,≤10 m
2023,2023_489728_2153769,489728.18816007924,2153768.502490768,1,025-SSC-GAM-FC-124.198,radar fijo,Río Guadalupe,Eje 5 Norte,2023,2024,0,2024_489728_2153769,489728.18816007924,2153768.502490768,025-SSC-GAM-FC-124.198,radar fijo,Rio Guadalupe,Eje 5 Norte,≤10 m
2023,2023_489737_2145363,489736.81670430576,2145362.688766255,1,005-SSC-IZT-FC-124.38,radar fijo,Avena,Añil,2023,2024,0,2024_489737_2145363,489736.81670430576,2145362.688766255,005-SSC-IZT-FC-124.38,radar fijo,Avena,Añil,≤10 m
2023,2023_489829_2147305,489828.77018198406,2147304.573338921,1,021-SSC-VCA-FC-124.166,radar fijo,Calle C,Calle B,2023,2024,0,2024_489829_2147305,489828.77018198406,2147304.573338921,021-SSC-VCA-FC-124.166,radar fijo,Calle C,Calle B,≤10 m
2023,2023_489838_2147294,489838.16025441815,2147294.033894816,1,VVEF002,radar fijo,Anillo Periférico Y,Embarcadero Del Parque Ecológico De Xochimilco,2023,2024,14.115712605634279,2024_489829_2147305,489828.77018198406,2147304.573338921,021-SSC-VCA-FC-124.166,radar fijo,Calle C,Calle B,10–25 m
2023,2023_489953_2142872,489952.5537835009,2142872.17467813,1,JFCF011,radar fijo,Eje 3 Pte. Thiers Y ,Darwin,2023,2024,23.120879849224377,2024_489967_2142890,489966.8345479591,2142890.358045571,015-SSC-IZT-FC-124.118,radar fijo,Coca,Av Canal De Apatlaco,10–25 m
2023,2023_489954_2142799,489954.0882078002,2142798.700552957,1,JVEF010,radar fijo,Aun/Fernando Alencastre Y,Av. De Los Constituyentes,2023,2024,92.53953284792054,2024_489967_2142890,489966.8345479591,2142890.358045571,015-SSC-IZT-FC-124.118,radar fijo,Coca,Av Canal De Apatlaco,50–100 m
2023,2023_489967_2142890,489966.8345479591,2142890.358045571,1,015-SSC-IZT-FC-124.118,radar fijo,Coca,Av. Canal De Apatlaco,2023,2024,0,2024_489967_2142890,489966.8345479591,2142890.358045571,015-SSC-IZT-FC-124.118,radar fijo,Coca,Av Canal De Apatlaco,≤10 m
2023,2023_489971_2147276,489970.53428805375,2147276.3551299525,1,022-SSC-VCA-FC-124.174,radar fijo,Asistencia Pública,Calle 23,2023,2024,0,2024_489971_2147276,489970.53428805375,2147276.3551299525,022-SSC-VCA-FC-124.174,radar fijo,Asistencia Publica,Calle 23,≤10 m
2023,2023_490047_2148199,490047.2074097959,2148199.0154452655,1,013-SSC-VCA-EV-124.102,radar fijo,Ote. 176,Ote. 178,2023,2024,0,2024_490047_2148199,490047.2074097959,2148199.0154452655,013-SSC-VCA-EV-124.102,radar fijo,Ote. 176,Ote. 178,≤10 m
2023,2023_490945_2140257,490945.398817397,2140256.8922951436,1,026-SSC-IZP-FC-124.206,radar fijo,José Guadalupe Gómez,Rojo Gómez,2023,2024,0,2024_490945_2140257,490945.398817397,2140256.8922951436,026-SSC-IZP-FC-124.206,radar fijo,Jose Guadalupe Gomez,Rojo Gomez,≤10 m
2023,2023_490958_2149247,490957.7433004438,2149246.787605837,1,JVEF008,radar fijo,Aun/Deportivo Israelita/Ing. Zapadores Y,Av. Del Conscripto,2023,2024,1155.4429286268937,2024_489818_2149435,489817.6551974365,2149434.530724739,070-SSC-VCA-EV-143.174,radar fijo,Norte 37,Pablo R. Sidar,>100 m
2023,2023_491866_2146060,491865.6707786153,2146060.003478987,1,BFCF009,radar fijo,Calz. Gral. Ignacio Zaragoza Y,Viaducto,2023,2024,2240.148985736641,2024_489737_2145363,489736.81670430576,2145362.688766255,005-SSC-IZT-FC-124.38,radar fijo,Avena,Añil,>100 m
2023,2023_493791_2142490,493790.9143492955,2142489.920309619,1,JFCF002,radar fijo,Eje 9 Sur Taxqueña Y ,Eje 1 Oriente Canal De Miramontes,2023,2024,31.48805562753918,2024_493822_2142484,493821.89065660594,2142484.266458488,061-SSC-IZP-FC-119.230,radar fijo,Anillo Periférico,Calle 5 Sur,25–50 m
2023,2023_493953_2138772,493953.20959948323,2138772.2398529584,1,017-SSC-IZP-EV-124.134,radar fijo,Pensamiento,Pabellón,2023,2024,0,2024_493953_2138772,493953.20959948323,2138772.2398529584,017-SSC-IZP-EV-124.134,radar fijo,Pensamiento,Pabellón,≤10 m
2023,2023_494044_2138772,494044.06253532675,2138771.7893657773,1,040-SSC-IZP-EV-119.62,radar fijo,Tulipán,Rocío,2023,2024,0,2024_494044_2138772,494044.06253532675,2138771.7893657773,040-SSC-IZP-EV-119.62,radar fijo,Tulipan ,Rocio,≤10 m
2023,2023_494069_2138759,494069.3082239816,2138759.1778475577,1,RVEF013,radar fijo,Circuito Bicentenario Calz. Melchor Ocampo Y,Nezahualpilli,2023,2024,28.220474614355208,2024_494044_2138772,494044.06253532675,2138771.7893657773,040-SSC-IZP-EV-119.62,radar fijo,Tulipan ,Rocio,25–50 m
2023,2023_494216_2144648,494216.08878485207,2144647.791159215,1,JVEF009,radar fijo,Aun/Gral. Juan Cabral Y ,Batalla De Celaya,2023,2024,1542.556802576453,2024_495560_2143891,495560.3244097342,2143891.1458830303,008-SSC-IZP-EV-124.62,radar fijo,"Moctezuma Segunda Seccion, Venustiano Carranza",Lic. Juan C. Doria,>100 m
2023,2023_494838_2140914,494837.63520902366,2140914.235566915,2,JFCF009 | JFCF016,radar fijo,Eje 6 Sur Av. Luis Méndez Y,Carlos L. Gracidas,2023,2024,21.597489520925215,2024_494817_2140907,494817.1543393064,2140907.380967785,054-SSC-IZP-FC-119.174,radar fijo,Av. Genaro Estrada,G. Murillo,10–25 m
2023,2023_495549_2143864,495548.6729013247,2143863.883962151,1,VVEF035,radar fijo,Eje 1 Nte. Mosqueta Y,Soto,2023,2024,22.26491232843199,2024_495551_2143842,495551.30304860073,2143841.7749448437,001-SSC-IZP-EV-124.6,radar fijo,Av. Telecomunicaciones,Emilio Azcarraga,10–25 m
2023,2023_495551_2143842,495551.30304860073,2143841.7749448437,1,001-SSC-IZP-EV-124.6,radar fijo,Av. Telecomunicaciones,Emilio Azcárraga,2023,2024,0,2024_495551_2143842,495551.30304860073,2143841.7749448437,001-SSC-IZP-EV-124.6,radar fijo,Av. Telecomunicaciones,Emilio Azcarraga,≤10 m
2023,2023_495560_2143891,495560.3244097342,2143891.1458830303,1,008-SSC-IZP-EV-124.62,radar fijo,Gral. Juan Manuel Torre,Lic. Juan C. Doria,2023,2024,0,2024_495560_2143891,495560.3244097342,2143891.1458830303,008-SSC-IZP-EV-124.62,radar fijo,"Moctezuma Segunda Seccion, Venustiano Carranza",Lic. Juan C. Doria,≤10 m
